日期,开盘,最高,最低,收盘,成交量,amount,outstanding_share,turnover,MA5,MA10,MA20,MA60,RSI14,Vol_MA20,MA60_prev5,MA20_prev5,MA20_break_1,MA20_break_2,High_20,成交额估算,Amount_MA20
2024-12-26,31.27,32.24,31.06,32.09,1820117.0,83644201.0,20037233.0,0.0908367437759495,31.360000000000003,31.077999999999996,30.6045,31.239833333333333,67.72334280286361,1574278.7,30.865833333333335,30.200499999999998,False,False,31.9,58407554.53000001,48386963.5835
2024-12-27,32.02,32.06,31.61,31.81,1370600.0,62704648.0,20037233.0,0.06840265819137802,31.528,31.116000000000003,30.662499999999994,31.316333333333333,64.50704212632412,1527984.5,30.897333333333336,30.278,False,False,32.09,43598786.0,47047541.1535
2024-12-30,31.81,31.97,31.4,31.77,968416.0,44322446.0,20037233.0,0.048330824919788073,31.766,31.177999999999997,30.740000000000002,31.346833333333333,63.11239180351967,1467540.7,30.967333333333332,30.325499999999998,False,False,32.09,30766576.32,45295981.7575
2024-12-31,31.83,33.35,31.27,32.5,2261038.0,105055181.0,20037233.0,0.11284182801088354,31.886000000000003,31.406,30.862000000000002,31.339666666666666,62.898550597017426,1531768.25,31.066166666666668,30.430500000000002,False,False,32.09,73483735.0,47502508.546500005
2025-01-02,32.95,33.59,31.54,31.77,2724583.0,128185231.0,20037233.0,0.13597601026049855,31.988,31.544,30.9805,31.26533333333333,52.52525241914089,1609022.4,31.1415,30.4875,False,False,32.5,86560001.91,50096643.642000005
2025-01-03,31.65,32.93,31.65,32.15,2271350.0,105556950.0,20037233.0,0.11335646992775898,32.0,31.68,31.1125,31.25766666666667,54.93150674396696,1686654.9,31.239833333333333,30.6045,False,False,32.5,73023902.5,52687396.916999996
2025-01-06,32.09,32.15,29.17,30.67,2020738.0,89464133.0,20037233.0,0.10084915417213544,31.772000000000002,31.65,31.164499999999997,31.2505,47.17647051053289,1727032.9,31.316333333333333,30.662499999999994,False,False,32.5,61976034.46,53988875.43299999
2025-01-07,30.49,31.51,30.38,31.2,1164336.0,51801794.0,20037233.0,0.05810862208369788,31.657999999999998,31.712,31.237000000000002,31.235333333333333,56.04938261917391,1722600.1,31.346833333333333,30.740000000000002,True,False,32.5,36327283.199999996,53941413.99299999
2025-01-08,31.01,32.1,30.51,31.71,1920225.0,86642358.0,20037233.0,0.09583284278822331,31.5,31.693,31.325,31.219999999999995,57.81990511736035,1728546.7,31.339666666666666,30.862000000000002,True,True,32.5,60890334.75,54288494.463
2025-01-09,31.59,31.94,30.99,31.1,1286500.0,58161489.0,20037233.0,0.06420547188326851,31.366000000000003,31.677,31.344,31.172500000000003,51.79190743062582,1695589.1,31.26533333333333,30.9805,False,True,32.5,40010150.0,53300480.491
2025-01-10,31.03,31.13,30.08,30.13,1039346.0,45661308.0,20037233.0,0.05187073484647306,30.962,31.481,31.279499999999995,31.124333333333333,45.550847390072896,1634948.85,31.25766666666667,31.1125,True,False,32.5,31315494.98,51328126.019
2025-01-13,29.85,30.06,29.38,29.87,907489.0,38796237.0,20037233.0,0.04529013561902484,30.802,31.287,31.2015,31.052333333333333,46.186895741502,1592659.1,31.2505,31.164499999999997,True,True,32.5,27106696.43,49928175.0345
2025-01-14,30.02,30.91,29.97,30.81,1187401.0,52214929.0,20037233.0,0.059259729125273934,30.724,31.191000000000003,31.184500000000003,31.006666666666668,43.896976414943154,1585626.85,31.235333333333333,31.237000000000002,True,True,32.5,36583824.809999995,49688934.63
2025-01-15,30.74,31.18,30.63,31.02,927645.0,41275023.0,20037233.0,0.0462960629344381,30.586000000000002,31.043,31.2245,30.968833333333336,48.588235214089956,1560072.2,31.219999999999995,31.325,True,True,32.5,28775547.9,48953778.907
2025-01-16,30.98,31.19,30.53,30.91,924017.0,41087995.0,20037233.0,0.04611500001023095,30.548000000000002,30.957,31.2505,30.940166666666666,42.41645236583155,1543685.9,31.172500000000003,31.344,True,True,32.5,28561365.47,48479823.692
2025-01-17,30.64,30.89,30.32,30.81,696002.0,30721362.0,20037233.0,0.034735434777845825,30.683999999999997,30.823,31.2515,30.91783333333333,43.42105255159279,1518061.0,31.124333333333333,31.279499999999995,True,True,32.5,21443821.619999997,47691529.023
2025-01-20,30.95,31.61,30.95,31.54,1159138.0,52238360.0,20037233.0,0.057849205027460625,31.018,30.909999999999997,31.28,30.887833333333333,48.61278640765029,1517782.9,31.052333333333333,31.2015,True,True,32.5,36559212.519999996,47715951.699
2025-01-21,31.67,32.13,31.4,31.65,1134246.0,51756342.0,20037233.0,0.05660691773160496,31.185999999999996,30.955000000000002,31.333499999999997,30.84416666666667,44.45893081845826,1496837.9,31.006666666666668,31.184500000000003,False,True,32.5,35898885.9,47136135.76
2025-01-22,31.44,32.05,31.43,31.81,1051963.0,48149062.0,20037233.0,0.05250041260687042,31.344,30.965000000000003,31.329,30.8125,50.28169004169807,1424992.5,30.968833333333336,31.2245,False,False,32.5,33462943.029999997,44839533.6665
2025-01-23,32.08,32.11,31.44,31.44,1159287.0,53041826.0,20037233.0,0.05785664118393992,31.45,30.999000000000002,31.338,30.782,44.99294772497868,1399721.85,30.940166666666666,31.2505,False,False,32.5,36447983.28,44060006.7305
2025-01-24,31.35,31.44,30.88,31.21,880717.0,39482834.0,20037233.0,0.04395402299309491,31.53,31.107,31.294,30.692333333333337,54.62328754028663,1352751.85,30.91783333333333,31.2515,False,False,32.5,27487177.57,42513987.8825
2025-01-27,31.04,31.47,30.71,30.79,973046.0,43509259.0,20037233.0,0.04856189474864119,31.380000000000003,31.199,31.243000000000002,30.65666666666667,46.42233845551261,1332874.15,30.887833333333333,31.28,True,False,32.5,29960086.34,41832052.8995
2025-02-05,30.89,31.04,29.94,31.01,1074646.0,47392143.0,20037233.0,0.053632455139888825,31.252,31.219,31.204999999999995,30.671499999999998,43.566176358469406,1338185.65,30.84416666666667,31.333499999999997,True,True,32.5,33324772.46,41959962.7065
2025-02-06,31.19,31.35,30.87,31.31,1037283.0,46571238.0,20037233.0,0.05176777651884369,31.151999999999997,31.248,31.1455,30.680999999999997,52.04678348369296,1276997.9,30.8125,31.329,True,True,32.5,32477330.73,39909642.493
2025-02-07,31.21,31.59,30.91,31.08,1196000.0,53824283.0,20037233.0,0.05968888019618278,31.080000000000002,31.264999999999997,31.111,30.694999999999997,60.820045364127424,1200568.75,30.782,31.338,False,True,32.15,37171680.0,37440226.3975
2025-02-10,31.06,31.21,30.71,30.97,944526.0,41991140.0,20037233.0,0.04713854452857837,31.032,31.281,31.052,30.706666666666663,62.971697905282106,1134227.55,30.692333333333337,31.294,True,False,32.15,29251970.22,35251629.7835
2025-02-11,30.92,31.02,30.42,30.53,843700.0,37171820.0,20037233.0,0.04210661222535068,30.98,31.18,31.045000000000005,30.703833333333332,46.25668431882528,1075375.65,30.65666666666667,31.243000000000002,True,True,31.81,25758161.0,33440736.110499997
2025-02-12,30.55,30.67,30.15,30.48,899800.0,39373061.0,20037233.0,0.04490640000043918,30.874000000000002,31.063,31.008999999999997,30.693666666666665,42.458100392621965,1062148.85,30.671499999999998,31.204999999999995,True,True,31.81,27425904.0,32995667.1505
2025-02-13,30.31,30.62,30.05,30.11,1013400.0,44210259.0,20037233.0,0.05057584547726725,30.634000000000004,30.892999999999994,30.928999999999995,30.681500000000003,39.583333189019086,1016807.6,30.680999999999997,31.1455,True,True,31.81,30513474.0,31476824.112999998
2025-02-14,30.08,30.7,29.98,30.36,938746.0,41024451.0,20037233.0,0.04685008154569047,30.49,30.784999999999997,30.892000000000003,30.669333333333334,44.360902099986816,999419.9,30.694999999999997,31.111,True,True,31.81,28500328.56,30901333.041
2025-02-17,30.13,30.4,29.91,30.24,912481.0,39666714.0,20037233.0,0.0455392718146263,30.344,30.688,30.8975,30.673166666666663,30.769230641784233,993076.65,30.706666666666663,31.052,True,True,31.81,27593425.439999998,30715229.564
2025-02-18,30.09,30.72,29.45,29.52,1318819.0,57260253.0,20037233.0,0.06581841914000801,30.142000000000003,30.560999999999996,30.880000000000003,30.683333333333334,23.308270594908322,1013643.15,30.703833333333332,31.045000000000005,True,True,31.81,38931536.88,31306471.586499996
2025-02-19,29.45,29.86,29.35,29.79,754046.0,32226136.0,20037233.0,0.03763224193679836,30.003999999999998,30.439,30.828999999999997,30.7015,25.365853571921477,991975.4,30.693666666666665,31.008999999999997,True,True,31.81,22463030.34,30600431.862999998
2025-02-20,29.79,30.04,29.59,29.92,589425.0,25329284.0,20037233.0,0.029416486797353706,29.965999999999998,30.3,30.774,30.71333333333333,30.310880719079734,975064.4,30.681500000000003,30.928999999999995,True,True,31.81,17635596.0,30043434.268
2025-02-21,29.96,29.96,29.52,29.62,992738.0,42436351.0,20037233.0,0.04954466517407868,29.818,30.154000000000003,30.709500000000002,30.717499999999998,29.7709922603578,978500.45,30.669333333333334,30.892000000000003,True,True,31.81,29404899.560000002,30085610.972500004
2025-02-24,29.56,29.71,29.36,29.49,851759.0,36196868.0,20037233.0,0.042508813467408396,29.668,30.005999999999993,30.6435,30.6985,32.142857019230775,986288.3,30.673166666666663,30.8975,True,True,31.81,25118372.91,30269338.537
2025-02-25,29.24,29.72,29.2,29.46,749246.0,31801521.0,20037233.0,0.03739268790256619,29.656,29.899,30.539499999999997,30.699166666666667,27.536231772316725,965793.7,30.683333333333334,30.880000000000003,True,True,31.81,22072787.16,29545017.269
2025-02-26,29.45,29.77,29.36,29.76,834826.0,35624334.0,20037233.0,0.04166373670456395,29.65,29.826999999999998,30.445000000000004,30.70133333333333,27.53623177231681,950822.7,30.7015,30.828999999999997,True,True,31.81,24844421.76,28992294.062
2025-02-27,29.69,30.14,29.57,29.9,1096587.0,47242338.0,20037233.0,0.054727466611782176,29.645999999999997,29.805999999999994,30.3495,30.703,32.44047605530754,953053.9,30.71333333333333,30.774,True,True,31.81,32787951.299999997,28958544.4755
2025-02-28,29.96,30.18,29.67,29.83,1378017.0,59370704.0,20037233.0,0.0687728190813572,29.688,29.753000000000004,30.269,30.698166666666665,32.83132516275947,963990.4,30.717499999999998,30.709500000000002,True,True,31.44,41106247.11,29191457.666999996
2025-03-03,29.83,29.99,29.41,29.52,869655.0,37237849.0,20037233.0,0.04340195075837068,29.694,29.681,30.184500000000003,30.69433333333333,34.16927884690597,963437.3,30.6985,30.6435,True,True,31.31,25672215.6,29100709.5685
2025-03-04,29.45,29.72,29.24,29.66,594300.0,25318181.0,20037233.0,0.029659783863370755,29.733999999999998,29.695000000000004,30.128000000000004,30.677833333333336,37.49999983993903,944500.0,30.699166666666667,30.539499999999997,True,True,31.31,17626938.0,28484052.151499998
2025-03-05,29.61,29.67,29.31,29.38,625600.0,26493091.0,20037233.0,0.031221875794926374,29.657999999999998,29.654000000000003,30.0465,30.663833333333333,38.55799356118749,922047.7,30.70133333333333,30.445000000000004,True,True,31.31,18380128.0,27736819.928500004
2025-03-06,29.29,29.9,29.29,29.78,814884.0,34770535.0,20037233.0,0.040668489506510204,29.633999999999997,29.639999999999997,29.97,30.65916666666667,41.31736509627455,910927.75,30.703,30.3495,True,True,31.31,24267245.52,27326315.668
2025-03-07,29.7,29.87,29.54,29.63,571547.0,24435085.0,20037233.0,0.028524247834019797,29.594,29.641,29.897499999999997,30.663,40.94955472602561,879705.1,30.698166666666665,30.269,True,True,31.08,16934937.61,26314478.5485
2025-03-10,29.63,29.83,29.51,29.82,517847.0,22154609.0,20037233.0,0.025844237076047376,29.654000000000003,29.673999999999996,29.840000000000003,30.668166666666664,55.28168986832969,858371.15,30.69433333333333,30.184500000000003,True,True,30.97,15442197.540000001,25623989.914499998
2025-03-11,29.65,29.81,29.52,29.8,592217.0,25326105.0,20037233.0,0.029555827393932085,29.682,29.708,29.803499999999996,30.671,50.19304992173643,845797.0,30.677833333333336,30.128000000000004,True,True,30.53,17648066.6,25218485.1945
2025-03-12,29.82,31.07,29.8,30.57,1991963.0,87394727.0,20037233.0,0.09941307764400403,29.920000000000005,29.788999999999998,29.808000000000003,30.684666666666665,60.06191924431363,900405.15,30.663833333333333,30.0465,True,True,30.48,60894308.910000004,26891905.439999998
2025-03-13,30.54,30.77,30.2,30.36,867700.0,38020164.0,20037233.0,0.043304382396511534,30.036,29.835,29.820500000000003,30.6915,61.78343921497825,893120.15,30.65916666666667,29.97,False,True,30.57,26343372.0,26683400.34
2025-03-14,30.28,30.97,30.28,30.92,1453813.0,64381182.0,20037233.0,0.07255557691024504,30.294,29.944,29.8485,30.694833333333335,70.02801092986218,918873.5,30.663,29.897499999999997,False,False,30.57,44951897.96,27505978.810000002
2025-03-17,30.95,31.06,30.79,30.84,857092.0,38099906.0,20037233.0,0.04277496798085843,30.498,30.076,29.878500000000003,30.685166666666664,69.06077321357706,916104.05,30.668166666666664,29.840000000000003,False,False,30.92,26432717.28,27447943.402
2025-03-18,30.91,31.59,30.9,31.31,1086400.0,49010379.0,20037233.0,0.05421906308121486,30.8,30.240999999999996,29.968,30.68316666666667,70.44854855243273,904483.1,30.671,29.803499999999996,False,False,30.92,34015184.0,27202125.757999998
2025-03-19,31.13,31.45,30.95,31.12,886637.0,39778981.0,20037233.0,0.04424947296864792,30.910000000000004,30.415,30.034499999999998,30.682666666666666,65.88541642645941,911112.65,30.684666666666665,29.808000000000003,False,False,31.31,27592143.44,27458581.413
2025-03-20,30.9,31.36,30.74,31.17,800773.0,35891664.0,20447760.0,0.03916189352770181,31.072000000000003,30.554000000000002,30.096999999999998,30.698500000000003,67.53926676818071,921680.05,30.6915,29.820500000000003,False,False,31.31,24960094.41,27824806.333500005
2025-03-21,31.06,31.87,30.78,30.81,1263032.0,56914686.0,20447760.0,0.061768721855107844,31.05,30.672000000000004,30.1565,30.705499999999997,66.6666664254952,935194.75,30.694833333333335,29.8485,False,False,31.31,38914015.92,28300262.151499998
2025-03-24,30.84,31.17,30.15,30.61,1022621.0,45138910.0,20447760.0,0.05001139489117634,31.003999999999998,30.750999999999998,30.2125,30.702499999999997,62.086513773737565,943737.85,30.685166666666664,29.878500000000003,False,False,31.31,31302428.81,28609464.946500003
2025-03-25,30.57,30.79,30.14,30.42,686264.0,30085916.0,20447760.0,0.03356181801820835,30.826,30.813,30.2605,30.69333333333333,63.54166643500435,940588.75,30.68316666666667,29.968,False,False,31.31,20876150.880000003,28549633.1325
2025-03-26,30.33,30.91,30.33,30.65,690723.0,30495797.0,20447760.0,0.03377988591415392,30.732,30.821000000000005,30.304999999999996,30.6945,61.85286079947134,933383.6,30.682666666666666,30.034499999999998,False,False,31.31,21170659.95,28365945.042000003
2025-03-27,30.61,30.9,30.24,30.77,649550.0,28676910.0,20447760.0,0.031766315723580484,30.651999999999997,30.862000000000002,30.348499999999994,30.675666666666665,65.65934040680474,911031.75,30.698500000000003,30.096999999999998,False,False,31.31,19986653.5,27725880.152000003
2025-03-28,30.77,31.49,30.73,31.02,991897.0,44385367.0,20447760.0,0.04850883421949397,30.694,30.871999999999996,30.408000000000005,30.671666666666667,66.21621596566837,891725.75,30.705499999999997,30.1565,False,False,31.31,30768644.94,27209000.0435
2025-03-31,30.85,31.77,30.84,31.16,1375304.0,61964252.0,20447760.0,0.06725939662828594,30.804000000000002,30.904000000000003,30.490000000000002,30.656166666666664,67.80104687193332,917008.2,30.702499999999997,30.2125,False,False,31.31,42854472.64,28068112.895499997
2025-04-01,31.19,31.71,31.13,31.43,1161527.0,52579708.0,20447760.0,0.05680460842654648,31.006,30.916000000000004,30.5785,30.649833333333333,62.95180696345623,945369.55,30.69333333333333,30.2605,False,False,31.31,36506793.61,29012105.676
2025-04-02,31.39,32.48,31.28,32.15,1595057.0,73512651.0,20447760.0,0.07800644178139807,31.305999999999994,31.019,30.716999999999995,30.656166666666667,73.36814594591279,993842.4,30.6945,30.304999999999996,False,False,31.43,51281082.55,30657153.4035
2025-04-03,31.56,32.08,30.57,31.59,1843078.0,83406827.0,20447760.0,0.09013593665027367,31.47,31.060999999999996,30.807499999999997,30.641000000000002,58.746736077688155,1045252.1,30.675666666666665,30.348499999999994,False,False,32.15,58222834.02,32354932.828500003
2025-04-07,28.98,30.22,28.43,28.43,1892806.0,78510646.0,20447760.0,0.09256789007695708,30.951999999999998,30.822999999999997,30.747500000000002,30.585333333333335,32.56150499915178,1111315.05,30.671666666666667,30.408000000000005,False,False,32.15,53812474.58,34198809.677
2025-04-08,27.81,28.48,25.85,26.43,2114812.0,81782686.0,20447760.0,0.1034251184481821,30.006,30.405,30.577999999999996,30.490000000000002,21.090047358381412,1191163.3,30.656166666666664,30.490000000000002,True,False,32.15,55894481.16,36221423.858
2025-04-09,26.13,26.51,24.68,26.29,1449788.0,53409085.0,20447760.0,0.0709020450161778,28.977999999999998,29.992,30.402499999999996,30.416999999999998,21.215732980092923,1234041.85,30.649833333333333,30.5785,True,True,32.15,38114926.519999996,37244766.854
2025-04-10,27.79,28.92,27.79,27.99,2533664.0,103958287.0,20447760.0,0.12390912256403636,28.145999999999997,29.726,30.273499999999995,30.363500000000002,34.16334656590766,1261126.9,30.656166666666667,30.716999999999995,True,True,32.15,70917255.36,37745914.1765
2025-04-11,27.09,28.4,27.09,27.87,1713734.0,68860027.0,20447760.0,0.08381035379914474,27.401999999999997,29.436,30.148999999999994,30.299500000000002,34.99999994999999,1303428.6,30.641000000000002,30.807499999999997,True,True,32.15,47761766.58,38816833.9055
2025-04-14,29.74,29.74,28.49,28.63,1736088.0,72729134.0,20447760.0,0.08490357868050094,27.442,29.197000000000003,30.034499999999998,30.258333333333333,40.44401538936136,1317542.35,30.585333333333335,30.747500000000002,True,True,32.15,49704199.44,39054448.9795
2025-04-15,29.04,29.46,28.85,29.24,990711.0,41530784.0,20447760.0,0.04845083275625301,28.003999999999998,29.004999999999995,29.954499999999996,30.2435,44.52690161193165,1324223.3,30.490000000000002,30.577999999999996,True,True,32.15,28968389.639999997,39181232.597500004
2025-04-16,29.11,29.59,28.48,28.76,893970.0,37438452.0,20447760.0,0.04371970328290238,28.498,28.738,29.826999999999998,30.225,41.432456883041304,1314601.8,30.416999999999998,30.402499999999996,True,True,32.15,25710577.200000003,38766002.2575
2025-04-17,28.6,29.31,28.48,28.67,1167850.0,48737521.0,20447760.0,0.0571138354519028,28.633999999999997,28.389999999999997,29.704500000000003,30.18933333333333,40.45454540305785,1328662.45,30.363500000000002,30.273499999999995,True,True,32.15,33482259.500000004,39060508.060499996
2025-04-18,28.67,29.3,27.99,28.74,964194.0,39636821.0,20447760.0,0.04715401589220531,28.808,28.105,29.583000000000006,30.151333333333334,39.463955586645504,1336833.5,30.299500000000002,30.148999999999994,True,True,32.15,27710935.56,39198050.118
2025-04-21,28.59,30.13,28.42,29.87,1318832.0,55854653.0,20447760.0,0.06449762712394903,29.056,28.249000000000002,29.536,30.134,44.53852661951402,1339623.5,30.258333333333333,30.034499999999998,True,True,32.15,39393511.84,39222024.914000005
2025-04-22,29.7,30.81,29.52,30.08,1245095.0,53902528.0,20447760.0,0.060891510854978736,29.224,28.613999999999997,29.509499999999996,30.12183333333333,44.255319096206414,1350747.2,30.2435,29.954499999999996,False,True,32.15,37452457.6,39529526.35349999
2025-04-23,30.22,31.25,30.22,30.7,1256365.0,55551196.0,20447760.0,0.0614426714711049,29.612000000000002,29.055,29.523500000000002,30.107833333333335,43.77682398172742,1379252.25,30.225,29.826999999999998,False,False,32.15,38570405.5,40414239.0845
2025-04-24,30.84,31.59,30.61,30.81,1217272.0,54425691.0,20447760.0,0.0595308239142087,30.04,29.337,29.5315,30.093833333333333,46.51785708470981,1405579.7,30.18933333333333,29.704500000000003,False,False,32.15,37504150.32,41230913.603
2025-04-25,30.86,31.55,30.77,31.03,1213538.0,54469201.0,20447760.0,0.05934821222471312,30.498,29.653,29.544500000000006,30.08083333333333,65.7384986779251,1433779.1,30.151333333333334,29.583000000000006,False,False,32.15,37656084.14,42114385.135
2025-04-28,30.88,31.02,30.15,30.15,938954.0,41221644.0,20447760.0,0.045919650856621946,30.553999999999995,29.805,29.500999999999998,30.05933333333333,76.05042001894877,1431131.95,30.134,29.536,False,False,32.15,28309463.099999998,41991426.043
2025-04-29,30.47,32.61,30.47,30.93,3201503.0,144751283.0,20447760.0,0.15656986388729133,30.724,29.974,29.4895,30.054666666666666,79.82005127024672,1522441.9,30.12183333333333,29.509499999999996,False,False,32.15,99022487.78999999,44799826.8005
2025-04-30,31.13,31.47,29.85,30.21,1582888.0,68743813.0,20447760.0,0.07741131546927389,30.625999999999998,30.119,29.428500000000003,30.044999999999998,66.32352927521629,1543509.95,30.107833333333335,29.523500000000002,False,False,32.15,47819046.480000004,45365439.444
2025-05-06,30.22,30.56,29.88,30.15,1271784.0,55194564.0,20447760.0,0.06219673939834974,30.494,30.266999999999996,29.328500000000002,30.030666666666665,66.91394644854668,1527346.3,30.093833333333333,29.5315,False,False,32.15,38344287.6,44718599.696499996
2025-05-07,30.39,31.6,30.39,31.05,1818353.0,81365810.0,20447760.0,0.0889267577475479,30.498,30.497999999999998,29.301499999999997,30.026333333333334,67.58720916479348,1526110.05,30.08083333333333,29.544500000000006,False,False,31.59,56459860.65,44630451.028
2025-05-08,30.78,31.08,30.56,31.02,816139.0,36264911.0,20447760.0,0.03991336948399238,30.671999999999997,30.613,29.431,30.025333333333332,64.12698398447972,1472276.7,30.05933333333333,29.500999999999998,False,False,31.05,25316631.78,43205658.888
2025-05-09,31.05,31.15,30.79,30.96,548931.0,24484809.0,20447760.0,0.026845532224556625,30.677999999999997,30.701,29.6575,30.025166666666667,68.70748282960801,1393982.65,30.054666666666666,29.4895,False,False,31.05,16994903.76,41260680.01799999
2025-05-12,31.45,31.68,31.05,31.27,939243.0,42381960.0,20447760.0,0.0459337844340896,30.889999999999997,30.758,29.9065,30.0375,71.31147524617035,1368455.4,30.044999999999998,29.428500000000003,False,False,31.05,29370128.61,40823440.122499995
2025-05-13,31.28,32.44,30.91,30.97,1633121.0,74387262.0,20447760.0,0.07986796597769144,31.054000000000002,30.774,30.055500000000002,30.045666666666666,67.61453381570243,1323428.25,30.030666666666665,29.328500000000002,False,False,31.27,50577757.37,39806465.223
2025-05-14,31.02,33.43,30.7,32.44,2969391.0,137340927.0,20447760.0,0.14521840045070952,31.332,30.915000000000003,30.284000000000002,30.0845,69.2653671709572,1386211.1,30.026333333333334,29.301499999999997,False,False,31.27,96327044.03999999,42234729.096
2025-05-15,32.64,32.99,31.79,32.56,2122619.0,98928101.0,20447760.0,0.10380692066025814,31.639999999999997,31.156,30.4805,30.121166666666667,68.84498465595291,1405537.65,30.025333333333332,29.431,False,False,32.44,69112474.64,43205142.85599999
2025-05-16,32.17,32.43,31.76,31.97,1224453.0,56478311.0,20447760.0,0.059882011525956874,31.841999999999995,31.259999999999998,30.617,30.15,59.694656360957964,1417224.75,30.025166666666667,29.6575,False,False,32.56,39145762.41,43714011.4945
2025-05-19,31.87,33.71,31.7,33.02,2868227.0,136229837.0,20447760.0,0.14027096366545774,32.192,31.541000000000004,30.830000000000002,30.208333333333332,64.75300388430679,1515937.6,30.0375,29.9065,False,False,32.56,94708855.54,47163925.4115
2025-05-20,32.85,34.72,32.8,34.51,3099352.0,151681551.0,20447760.0,0.1515741577561552,32.9,31.976999999999997,31.121999999999996,30.287,69.86301358697688,1612512.7,30.045666666666666,30.055500000000002,False,False,33.02,106958637.52,50837744.3125
2025-05-21,34.72,35.77,33.65,34.22,2468169.0,122309697.0,20447760.0,0.1207060822310121,33.256,32.294,31.395999999999997,30.358666666666668,74.90820060603244,1687711.45,30.0845,30.284000000000002,False,False,34.51,84460743.17999999,53675234.6935
2025-05-22,34.35,35.27,33.9,34.09,2065861.0,102797908.0,20447760.0,0.10103116429379061,33.562,32.601,31.607,30.43316666666667,71.01063816567171,1725062.9,30.121166666666667,30.4805,False,False,34.51,70425201.49000001,55226819.176
2025-05-23,34.02,37.5,33.97,37.5,3891723.0,204147660.0,20447760.0,0.1903251505299358,34.668,33.255,31.978,30.566666666666666,85.70029371206618,1857394.3,30.15,30.617,False,False,34.51,145939612.5,60651176.921000004
2025-05-26,38.2,38.34,35.95,36.43,4896951.0,261154456.0,20447760.0,0.23948593880209862,35.35,33.771,32.2645,30.682833333333335,77.98573965313723,2039423.6,30.208333333333332,30.830000000000002,False,False,37.5,178395924.93,67642452.8925
2025-05-27,36.54,37.37,35.57,36.91,3517433.0,184159106.0,20447760.0,0.1720204560303916,35.83,34.364999999999995,32.5695,30.802000000000003,77.12962952964678,2154431.65,30.287,31.121999999999996,False,False,37.5,129828452.02999999,72258667.978
2025-05-28,36.68,37.85,35.13,35.19,3249041.0,169781138.0,20447760.0,0.15889471511793957,36.024,34.64,32.777499999999996,30.890166666666666,66.69335460899063,2256206.8,30.358666666666668,31.395999999999997,False,False,37.5,114333752.78999999,76092551.4105
2025-05-29,35.42,35.84,34.35,34.73,2903195.0,146376123.0,20447760.0,0.14198107763393153,36.152,34.857,33.0065,30.971833333333333,64.62373926262742,2354418.85,30.43316666666667,31.607,False,False,37.5,100827962.35,79718476.373
2025-05-30,34.66,35.27,33.69,34.74,2015280.0,100152226.0,20447760.0,0.09855749480627707,35.6,35.134,33.197,31.058833333333332,63.780778324628216,2295107.7,30.566666666666666,31.978,False,False,37.5,70010827.2,78267893.34349999
2025-06-03,34.84,36.77,34.4,35.73,2305361.0,119313692.0,20447760.0,0.11274393870037598,35.459999999999994,35.404999999999994,33.473,31.16,67.92168667538377,2331231.35,30.682833333333335,32.2645,False,False,37.5,82370548.52999999,79995468.446
2025-06-04,35.45,35.97,35.29,35.7,1216388.0,62295271.0,20447760.0,0.05948759179489587,35.217999999999996,35.524,33.7505,31.265333333333334,63.76689181649188,2328461.55,30.802000000000003,32.5695,False,False,37.5,43425051.6,80249506.646
2025-06-05,35.5,36.25,35.0,35.11,1356977.0,69239676.0,20447760.0,0.06636311263434234,35.202,35.613,33.953500000000005,31.354166666666664,60.35743291267229,2305392.75,30.890166666666666,32.777499999999996,False,False,37.5,47643462.47,79808686.737
2025-06-06,34.94,36.11,34.8,35.17,2116633.0,108032223.0,20447760.0,0.10351417465776203,35.29,35.721,34.160999999999994,31.4465,63.58234287859486,2370417.45,30.971833333333333,33.0065,False,False,37.5,74441982.61,82264954.27849999
2025-06-09,35.39,36.95,35.17,36.75,1663000.0,87052355.0,20447760.0,0.08132920182944245,35.69199999999999,35.646,34.4505,31.562,65.15028424759512,2426120.9,31.058833333333332,33.197,False,False,37.5,61115250.0,84470971.5905
2025-06-10,36.68,38.03,36.53,37.14,1640526.0,88142299.0,20447760.0,0.08023010833460487,35.974000000000004,35.717,34.744,31.68433333333333,61.73059760354789,2461185.05,31.16,33.473,False,False,37.5,60929135.64,86048921.942
2025-06-11,36.99,38.12,36.69,37.75,1592734.0,85997377.0,20447760.0,0.07789283520542103,36.384,35.801,35.083,31.804,65.30789237516824,2459165.7,31.265333333333334,33.7505,False,False,37.5,60125708.5,86526319.49849999
2025-06-12,38.09,39.12,37.68,39.02,1837387.0,102060277.0,20447760.0,0.08985761765591928,37.166000000000004,36.184000000000005,35.412,31.948333333333334,69.45540639523476,2402565.5,31.354166666666664,33.953500000000005,False,False,37.75,71694840.74000001,85294709.3335
2025-06-13,39.03,40.49,38.15,39.86,2414119.0,136649496.0,20447760.0,0.11806276090877436,38.104,36.696999999999996,35.777,32.09733333333333,61.683168231330264,2417140.5,31.4465,34.160999999999994,False,False,39.02,96226783.34,86650424.7685
2025-06-16,39.87,42.46,39.66,41.8,2994177.0,178632613.0,20447760.0,0.14643056256528833,39.114,37.403,36.2685,32.28,74.47584311370449,2505626.7,31.562,34.4505,False,False,39.86,125156598.6,90950966.578
2025-06-17,41.43,42.49,40.14,41.31,2899348.0,170610998.0,20447760.0,0.141792939666741,39.948,37.961,36.683,32.446666666666665,70.03642978319586,2507182.75,31.68433333333333,34.744,False,False,41.8,119772065.88000001,92204127.095
2025-06-18,41.41,45.15,41.39,44.45,2669830.0,166294239.0,20447760.0,0.13056833609158167,41.288,38.836,37.18,32.66883333333333,87.33870957881118,2485706.65,31.804,35.083,False,False,41.8,118673943.50000001,92789892.39400001
2025-06-19,44.11,44.23,41.06,41.27,2584382.0,157808642.0,20447760.0,0.12638949205194114,41.738,39.452000000000005,37.5325,32.83716666666667,71.62698406066288,2491517.3,31.948333333333334,35.412,False,False,44.45,106657445.14000002,93899727.492
2025-06-20,41.64,41.93,40.29,40.5,1652986.0,97363393.0,20447760.0,0.08083946603442138,41.866,39.985,37.852999999999994,32.998666666666665,68.13602009106397,2470873.55,32.09733333333333,35.777,False,False,44.45,66945933.0,93725764.0675
2025-06-23,40.09,40.48,39.26,39.59,1595550.0,91241703.0,20447760.0,0.07803055200178406,41.424,40.269,37.957499999999996,33.14833333333333,62.21518981829037,2356064.9,32.28,36.2685,False,False,44.45,63167824.50000001,89587174.66749999
2025-06-24,39.6,40.11,39.36,39.99,973994.0,55743338.0,20447760.0,0.04763328599318458,41.160000000000004,40.554,38.1355,33.307833333333335,63.265306067673826,2159917.05,32.446666666666665,36.683,False,False,44.45,38950020.06,82614879.424
2025-06-25,39.74,40.34,38.78,39.71,1489083.0,84788378.0,20447760.0,0.07282377140576768,40.212,40.75,38.2755,33.45883333333333,64.50189149413453,2058499.55,32.66883333333333,37.18,False,False,44.45,59131485.93,79080031.11899999
2025-06-26,39.64,41.98,39.35,41.78,2013308.0,118681531.0,20447760.0,0.09846105392473307,40.314,41.025999999999996,38.605000000000004,33.64233333333333,68.49468377398291,1996712.9,32.83716666666667,37.5325,False,False,44.45,84116008.24000001,77569143.8915
2025-06-27,41.26,42.71,41.13,42.29,1438084.0,86874058.0,20447760.0,0.07032965958129399,40.672000000000004,41.269000000000005,38.983,33.83016666666666,66.4880951826885,1923457.35,32.998666666666665,37.852999999999994,False,False,44.45,60816572.36,75568574.392
2025-06-30,42.37,44.04,41.26,43.95,1579903.0,97075868.0,20447760.0,0.07726533370892459,41.544,41.484,39.4435,34.04333333333334,68.84338677566092,1901688.5,33.14833333333333,37.957499999999996,False,False,44.45,69436736.85000001,75539869.8745
2025-07-01,43.62,48.35,43.62,48.35,2061901.0,140288550.0,20447760.0,0.10083750004890511,43.215999999999994,42.188,40.0745,34.32533333333333,74.24519665876338,1889515.5,33.307833333333335,38.1355,False,False,44.45,99692913.35000001,76405988.1155
2025-07-02,49.02,49.09,44.73,45.05,2685549.0,176731848.0,20447760.0,0.13133707555252996,44.284000000000006,42.248000000000005,40.542,34.540333333333336,62.62034320315258,1962973.55,33.45883333333333,38.2755,False,False,48.35,120983982.44999999,80283934.658
2025-07-03,45.08,46.12,44.43,45.2,1386647.0,88835387.0,20447760.0,0.06781412731761327,44.967999999999996,42.641,41.0465,34.76716666666667,61.508620652537914,1964457.05,33.64233333333333,38.605000000000004,False,False,48.35,62676444.400000006,81035583.7545
2025-07-04,45.1,45.85,44.81,45.46,1038938.0,67033133.0,20447760.0,0.050809379609306836,45.602,43.137,41.561,35.05100000000001,58.50371743405893,1910572.3,33.83016666666666,38.983,False,False,48.35,47230121.480000004,79674990.698
2025-07-07,45.83,49.01,45.61,48.32,2282895.0,153609451.0,20447760.0,0.11164523644643716,46.476,44.010000000000005,42.139500000000005,35.41583333333333,64.67141059416493,1941567.05,34.04333333333334,39.4435,False,False,48.35,110309486.4,82134702.51799999
2025-07-08,47.73,47.73,44.93,45.97,2015347.0,131209240.0,20447760.0,0.09856077144880417,46.0,44.608000000000004,42.581,35.743833333333335,53.29004325774629,1960308.1,34.32533333333333,40.0745,False,False,48.35,92645501.59,83720520.8155
2025-07-09,45.51,46.13,44.94,45.4,1075167.0,69301248.0,20447760.0,0.05258116292444747,46.07,45.177,42.9635,36.034,60.07808683059573,1934429.75,34.540333333333336,40.542,False,False,48.35,48812581.8,83154864.48050001
2025-07-10,45.36,45.36,44.02,45.01,1226839.0,77773428.0,20447760.0,0.05999869912401163,46.032,45.5,43.263,36.31966666666666,61.213326660517815,1903902.35,34.76716666666667,41.0465,False,False,48.35,55220023.39,82331123.613
2025-07-11,44.97,45.28,44.16,44.49,759867.0,48217830.0,20447760.0,0.03716138100212444,45.838,45.72,43.4945,36.583999999999996,62.42393504696069,1821189.75,35.05100000000001,41.561,False,False,48.35,33806482.83,79210108.5875
2025-07-14,44.51,46.4,44.51,45.78,906866.0,58603514.0,20447760.0,0.04435038361170123,45.33,45.903,43.6935,36.85966666666666,64.04657928691643,1716824.2,35.41583333333333,42.139500000000005,False,False,48.35,41516325.480000004,75028094.9315
2025-07-15,45.43,45.99,45.2,45.68,609721.0,39478893.0,20447760.0,0.029818474003998483,45.272000000000006,45.635999999999996,43.912,37.141666666666666,64.61086632870521,1602342.85,35.743833333333335,42.581,False,False,48.35,27852055.28,70432094.4015
2025-07-16,45.43,45.92,44.54,44.76,778612.0,49780613.0,20447760.0,0.03807810733302817,45.144,45.607,43.927499999999995,37.40983333333334,57.72821572571601,1507781.95,36.034,42.9635,False,False,48.35,34850673.12,66240930.88249999
2025-07-17,44.69,45.23,44.3,45.2,419838.0,26793753.0,20447760.0,0.02053222455662625,45.182,45.607000000000006,44.124,37.68416666666666,57.574180072564374,1399554.75,36.31966666666666,43.263,False,False,48.35,18976677.6,61856892.5055
2025-07-18,44.93,46.24,44.82,45.71,674406.0,43754832.0,20447760.0,0.03298190119602343,45.426,45.632,44.3845,37.948166666666665,54.8726466905749,1350625.75,36.583999999999996,43.4945,False,False,48.35,30827098.26,60050950.76850001
2025-07-21,45.78,46.17,44.38,45.78,668922.0,43297243.0,20447760.0,0.032713705559924415,45.426,45.378,44.694,38.209833333333336,40.64093222367277,1304294.35,36.85966666666666,43.6935,False,False,48.35,30623249.16,58423722.00150001
2025-07-22,45.92,48.03,45.56,46.49,1009471.0,67336413.0,20447760.0,0.049368292663841906,45.588,45.42999999999999,45.019,38.473,56.46319562024375,1306068.2,37.141666666666666,43.912,False,False,48.35,46930306.79,58822736.338000014
2025-07-23,46.06,47.01,45.54,46.62,534624.0,35253725.0,20447760.0,0.02614584678223923,45.96,45.552,45.36450000000001,38.73649999999999,56.384892015342736,1258345.25,37.40983333333334,43.927499999999995,False,False,48.35,24924170.88,57112370.5855
2025-07-24,46.49,46.84,45.08,45.49,695881.0,45210244.0,20447760.0,0.03403213848362852,46.018,45.6,45.55,38.9775,50.125104195016554,1192473.9,37.68416666666666,44.124,False,False,48.35,31655626.69,54489351.508
2025-07-25,45.22,47.18,45.22,45.82,665638.0,43598124.0,20447760.0,0.03255310117098401,46.04,45.733,45.7265,39.23866666666667,36.786469290168,1153851.6,37.948166666666665,44.3845,True,False,48.35,30499533.16,52973499.548
2025-07-28,45.44,46.75,45.09,45.49,645380.0,41888164.0,20447760.0,0.03156238140510256,45.982000000000006,45.704,45.8035,39.48133333333333,46.77419346037115,1107125.45,38.209833333333336,44.694,False,True,48.35,29358336.200000003,50969579.5155
2025-07-29,46.35,46.37,45.64,45.75,544776.0,35476088.0,20447760.0,0.026642331482763883,45.834,45.711,45.673500000000004,39.74033333333333,52.45441784931813,1031269.2,38.473,45.019,True,False,48.35,24923502.0,47231108.948
2025-07-30,45.75,46.14,44.82,45.01,545147.0,35098282.0,20447760.0,0.02666047527944381,45.512,45.736000000000004,45.671499999999995,39.98800000000001,49.999999906417116,924249.1,38.73649999999999,45.36450000000001,False,True,48.32,24537066.47,42408763.149000004
2025-07-31,44.99,44.99,42.99,44.06,942557.0,58594710.0,20447760.0,0.04609585597640035,45.226,45.622,45.61450000000001,40.20483333333333,47.28192153451998,902044.6,38.9775,45.55,True,False,48.32,41529061.42,41351394.0
2025-08-01,44.15,44.85,44.0,44.44,489627.0,30866275.0,20447760.0,0.02394526344205918,44.95,45.495,45.5635,40.4285,40.42857134771424,874579.05,39.23866666666667,45.7265,True,True,48.32,21759023.88,40077839.12
2025-08-04,44.27,45.59,44.08,45.55,558624.0,35774720.0,20447760.0,0.027319569478515007,44.962,45.471999999999994,45.425,40.67166666666666,49.18851427108123,788365.5,39.48133333333333,45.8035,True,True,48.32,25445323.2,35834630.96
2025-08-05,45.71,46.1,45.36,46.09,406740.0,26461990.0,20447760.0,0.019891665395133745,45.029999999999994,45.432,45.431,40.91866666666667,58.71559622254024,707935.15,39.74033333333333,45.673500000000004,False,True,46.62,18746646.6,32139688.210499994
2025-08-06,45.71,46.61,45.4,45.78,479150.0,31329763.0,20447760.0,0.023432884580022458,45.184000000000005,45.348,45.45,41.165499999999994,53.86666656611555,678134.3,39.98800000000001,45.671499999999995,False,False,46.62,21935487.0,30795833.4705
2025-08-07,45.85,46.06,45.5,45.99,341600.0,22206727.0,20447760.0,0.016705986376991906,45.57,45.398,45.499,41.391333333333336,51.94444434344137,633872.35,40.20483333333333,45.61450000000001,False,False,46.62,15710184.0,28820341.501
2025-08-08,46.09,46.42,44.94,45.29,458601.0,29684191.0,20447760.0,0.02242793342644867,45.739999999999995,45.345000000000006,45.539,41.603500000000004,46.87100885616932,618809.05,40.4285,45.5635,False,False,46.62,20770039.29,28168519.324
2025-08-11,45.6,46.37,45.26,45.75,458200.0,29805420.0,20447760.0,0.022408322476398394,45.779999999999994,45.371,45.5375,41.83316666666667,45.11873342590206,596375.75,40.67166666666666,45.425,True,False,46.62,20962650.0,27140835.55
2025-08-12,45.75,45.83,44.36,44.36,700934.0,44639050.0,20447760.0,0.03427925601630692,45.434000000000005,45.232,45.471500000000006,42.022166666666664,37.21719451119449,600936.4,40.91866666666667,45.431,False,True,46.62,31093432.24,27302904.398000002
2025-08-13,44.71,44.71,43.04,43.6,1051091.0,64944985.0,20447760.0,0.05140372343963349,44.998,45.091,45.413500000000006,42.17366666666667,38.8429751424083,614560.35,41.165499999999994,45.45,True,False,46.62,45827567.6,27851749.121999998
2025-08-14,43.44,43.85,43.18,43.18,507088.0,31400669.0,20447760.0,0.024799195608712153,44.436,45.003,45.3125,42.323,34.579439195781305,618922.85,41.391333333333336,45.499,True,True,46.62,21896059.84,27997718.233999997
2025-08-15,42.99,43.63,42.99,43.32,464613.0,28530455.0,20447760.0,0.022721950961865748,44.041999999999994,44.891000000000005,45.193,42.47683333333334,37.03703697508739,608433.2,41.603500000000004,45.539,True,True,46.62,20127035.16,27462715.079000004
2025-08-18,43.6,43.89,43.06,43.53,556145.0,34307683.0,20447760.0,0.027198333705012186,43.598,44.689,45.0805,42.57733333333333,36.658653784468626,602794.35,41.83316666666667,45.5375,True,True,46.62,24208991.85,27142002.2135
2025-08-19,43.86,44.09,43.01,43.19,670994.0,41368433.0,20447760.0,0.03281503695270289,43.364,44.398999999999994,44.915499999999994,42.68999999999999,38.510100942027606,585870.5,42.022166666666664,45.471500000000006,True,True,46.62,28980230.86,26244498.417
2025-08-20,43.39,44.29,43.16,44.09,822134.0,50969474.0,20447760.0,0.0402065556324996,43.462,44.230000000000004,44.789,42.809666666666665,50.19059711528992,600246.0,42.17366666666667,45.413500000000006,True,True,46.62,36247888.06,26810684.276
2025-08-21,44.51,44.51,43.44,43.58,505295.0,31374464.0,20447760.0,0.02471150874227788,43.542,43.989,44.6935,42.94949999999999,44.62499992190627,590716.7,42.323,45.3125,True,True,46.09,22020756.099999998,26328940.7465
2025-08-22,43.35,43.66,43.09,43.37,432940.0,26624261.0,20447760.0,0.021172979338568137,43.552,43.797000000000004,44.571000000000005,43.09349999999999,34.64788725562394,579081.8,42.47683333333334,45.193,True,True,46.09,18776607.8,25742794.4785
2025-08-25,43.47,43.85,43.25,43.63,544688.0,33648758.0,20447760.0,0.02663802783287754,43.572,43.585,44.478,43.24166666666667,31.96480931854738,574047.2,42.57733333333333,45.0805,True,True,46.09,23764737.44,25463114.5405
2025-08-26,43.64,44.13,43.39,43.73,534788.0,33274308.0,20447760.0,0.02615386722066378,43.68,43.522000000000006,44.377,43.375,34.49319206007496,573547.8,42.68999999999999,44.915499999999994,True,True,46.09,23386279.24,25386253.402499996
2025-08-27,43.73,43.97,42.47,42.47,747542.0,46000796.0,20447760.0,0.03655862549247448,43.356,43.409,44.25,43.48783333333334,27.023498645126793,583667.55,42.809666666666665,44.789,True,True,46.09,31748108.74,25746805.516
2025-08-28,42.26,43.08,40.72,41.81,1024715.0,60494079.0,20447760.0,0.05011380219642641,43.001999999999995,43.272,44.1375,43.599500000000006,27.165354280798624,587775.45,42.94949999999999,44.6935,True,True,46.09,42843334.150000006,25812519.1525
2025-08-29,41.46,45.92,40.23,45.03,2761035.0,172475379.0,20447760.0,0.13502872686299136,43.333999999999996,43.443,44.167,43.76383333333333,46.531791844754814,701345.85,43.09349999999999,44.571000000000005,True,True,46.09,124329406.05,30941038.261
2025-09-01,45.08,46.03,44.43,45.35,1140634.0,73383418.0,20447760.0,0.05578283391432607,43.678,43.625,44.157,43.90716666666666,55.31686350435702,730446.35,43.24166666666667,44.478,False,True,46.09,51727751.9,32255159.696
2025-09-02,45.07,47.6,44.29,47.09,1521055.0,99304260.0,20447760.0,0.07438736565765638,44.35,44.015,44.207,44.073,66.95821176507141,786162.1,43.375,44.377,False,False,46.09,71626479.95,34899151.3635
2025-09-03,47.54,50.27,46.63,49.3,1917137.0,133729999.0,20447760.0,0.093757800365419,45.716,44.536,44.382999999999996,44.2655,75.33112574051026,858061.45,43.48783333333334,44.25,False,False,47.09,94514854.1,38528119.7185
2025-09-04,49.86,49.86,47.92,49.03,1098400.0,75703630.0,20447760.0,0.05371737539955477,47.160000000000004,45.081,44.535,44.43233333333333,73.38247329833295,895901.45,43.599500000000006,44.1375,False,False,49.3,53854552.0,40435338.1185
2025-09-05,48.71,52.73,47.97,52.59,1279894.0,91570659.0,20447760.0,0.06259335985946626,48.672000000000004,46.003,44.9,44.6445,79.1131104686643,936966.1,43.76383333333333,44.167,False,False,49.3,67309625.46000001,42762317.427
2025-09-08,52.92,56.97,52.13,56.12,1525519.0,118545643.0,20447760.0,0.07460567807916368,50.826,47.251999999999995,45.4185,44.88316666666666,84.47999993692162,990332.05,43.90716666666666,44.157,False,False,52.59,85612126.28,45994791.241
2025-09-09,55.49,56.7,52.18,53.4,1340921.0,103089521.0,20447760.0,0.06557789215053385,52.088,48.219,45.8705,45.084666666666664,72.63004370360619,1022331.4,44.073,44.207,False,False,56.12,71605181.39999999,48020378.69899999
2025-09-10,53.32,55.57,52.83,54.38,744237.0,57212589.0,20447760.0,0.03639699409617484,53.104,49.410000000000004,46.409499999999994,45.25016666666667,75.66539918919605,1006988.7,44.2655,44.382999999999996,False,False,56.12,40471608.06,47752580.722
2025-09-11,54.0,55.05,53.07,55.01,656958.0,50473522.0,20447760.0,0.032128604795830934,54.3,50.730000000000004,47.001,45.479166666666664,77.12022362163641,1014482.2,44.43233333333333,44.535,False,False,56.12,36139259.58,48464740.70900001
2025-09-12,54.92,55.28,53.53,53.83,443079.0,34078651.0,20447760.0,0.021668828272632307,54.548,51.61,47.5265,45.70133333333333,72.78820370781794,1013405.5,44.6445,44.9,False,False,56.12,23850942.57,48650936.079500005
2025-09-15,53.59,54.78,52.87,54.36,539000.0,41254468.0,20447760.0,0.026359855553860178,54.19599999999999,52.511,48.068,45.9475,73.3011836463737,1012548.25,44.88316666666666,45.4185,False,False,56.12,29300040.0,48905488.487
2025-09-16,54.32,54.68,53.01,54.59,335911.0,25721130.0,20447760.0,0.016427765192862202,54.434000000000005,53.261,48.638000000000005,46.19083333333334,77.8236914100307,995794.1,45.084666666666664,45.8705,False,False,56.12,18337381.490000002,48373346.0185
2025-09-17,54.36,56.64,54.36,55.22,427555.0,33793062.0,20447760.0,0.020909625308591258,54.602,53.852999999999994,49.1945,46.449333333333335,80.8275861548696,976065.15,45.25016666666667,46.409499999999994,False,False,56.12,23609587.099999998,47741430.9705
2025-09-18,55.5,56.7,54.05,54.64,716570.0,55823043.0,20447760.0,0.03504393635293059,54.528,54.414,49.747499999999995,46.66366666666667,75.14390366028182,986628.9,45.479166666666664,47.001,False,False,56.12,39153384.8,48598062.4055
2025-09-19,54.31,56.01,54.19,54.88,510194.0,39903391.0,20447760.0,0.024951094887655175,54.738,54.642999999999994,50.323,46.8735,75.03941140039142,990491.6,45.70133333333333,47.5265,False,False,56.12,27999446.720000003,49059204.3515
2025-09-22,54.88,55.28,52.18,52.88,1484661.0,112238391.0,30816753.0,0.04817707433356136,54.44199999999999,54.318999999999996,50.7855,47.022333333333336,65.00777600258638,1037490.25,45.9475,48.068,False,False,56.12,78508873.68,51796411.163499996
2025-09-23,53.12,53.99,52.45,53.7,795200.0,60091927.0,30816753.0,0.025804146205799162,54.263999999999996,54.349000000000004,51.284000000000006,47.1115,62.29050274457728,1050510.85,46.19083333333334,48.638000000000005,False,False,56.12,42702240.0,52762209.2015
2025-09-24,53.59,54.11,52.41,53.59,693620.0,52550954.0,30816753.0,0.022507887187206258,53.938,54.27,51.839999999999996,47.25383333333333,62.852311111616,1047814.75,46.449333333333335,49.1945,False,False,56.12,37171095.800000004,53033358.5545
2025-09-25,53.91,54.13,52.52,53.47,889699.0,67187570.0,30816753.0,0.02887062760959923,53.70400000000001,54.116,52.423,47.391666666666666,53.07692302495964,1041063.95,46.66366666666667,49.747499999999995,False,False,56.12,47572205.53,53269802.123500004
2025-09-26,52.86,53.93,52.69,53.59,808200.0,61238222.0,30816753.0,0.026225994672443263,53.446000000000005,54.092000000000006,52.851,47.52716666666666,38.3838383344928,943422.2,46.8735,50.323,False,False,56.12,43311438.0,49218903.721
2025-09-29,51.77,53.89,51.67,53.03,873700.0,65715392.0,30816753.0,0.02835146194668854,53.476,53.959,53.235,47.60566666666667,47.880870484498054,930075.5,47.022333333333336,50.7855,False,False,56.12,46332311.0,48949131.676
2025-09-30,52.29,53.52,52.15,52.19,588419.0,43897855.0,30816753.0,0.019094127145711945,53.174,53.718999999999994,53.489999999999995,47.70933333333333,37.252619264081865,883443.7,47.1115,51.284000000000006,True,False,56.12,30709587.61,46903287.059
2025-10-09,52.64,52.64,50.35,51.21,1322901.0,95712933.0,30816753.0,0.04292798141322676,52.698,53.318000000000005,53.5855,47.80616666666667,28.7472035344004,853731.9,47.25383333333333,51.839999999999996,True,True,56.12,67745760.21000001,45564832.3645
2025-10-10,51.42,53.32,50.47,50.71,1004300.0,73785203.0,30816753.0,0.03258941654235928,52.146,52.925,53.669500000000006,47.90116666666667,31.113801400049297,849026.9,47.391666666666666,52.423,True,True,56.12,50928053.0,45418507.414500006
2025-10-13,49.96,53.23,49.65,51.78,1206193.0,88979724.0,30816753.0,0.039140820578988315,51.784000000000006,52.61500000000001,53.629,48.022666666666666,35.34090903468494,845341.85,47.52716666666666,52.851,True,True,56.12,62456673.54,45175859.8185
2025-10-14,52.33,52.33,49.02,49.59,968300.0,69049745.0,30816753.0,0.031421220788575614,51.096000000000004,52.286,53.302499999999995,48.08616666666667,26.765799221680197,817480.9,47.60566666666667,53.235,True,True,56.12,48017997.0,43296153.3545
2025-10-15,49.21,51.74,48.8,51.33,725866.0,52207399.0,30816753.0,0.023554266083775924,50.924,52.049,53.199,48.18033333333334,33.61415328807092,786728.15,47.70933333333333,53.489999999999995,True,True,55.22,37258701.78,41578829.373500004
2025-10-16,51.46,51.9,49.95,50.13,333200.0,23981942.0,30816753.0,0.010812300698908804,50.708000000000006,51.702999999999996,52.9865,48.26983333333333,31.94555640934847,766176.3,47.80616666666667,53.5855,True,True,55.22,16703316.0,40390414.7705
2025-10-17,50.71,50.71,49.02,49.16,372961.0,26270635.0,30816753.0,0.012102540459080812,50.398,51.272000000000006,52.694,48.33583333333333,28.366111921548736,751976.45,47.90116666666667,53.669500000000006,True,True,55.22,18334762.759999998,39500189.9295
2025-10-20,49.33,51.06,49.2,49.92,411922.0,29205721.0,30816753.0,0.013366820313613184,50.025999999999996,50.905,52.4985,48.406,37.64607675066402,750418.6,48.022666666666666,53.629,True,True,55.22,20563146.240000002,39335800.113
2025-10-21,50.05,52.3,48.65,52.02,1017400.0,73642022.0,30816753.0,0.033014509997208334,50.512,50.804,52.3815,48.51,43.66515832493876,774338.6,48.08616666666667,53.302499999999995,True,True,55.22,52925148.0,40517055.513
2025-10-22,51.51,52.28,50.45,50.84,363200.0,26357821.0,30816753.0,0.01178579716039519,50.414,50.669,52.193999999999996,48.5825,40.40474525012797,775703.05,48.18033333333334,53.199,True,True,55.22,18465088.0,40523440.8385
2025-10-23,50.67,52.04,50.56,51.84,289900.0,21085303.0,30816753.0,0.009407220806163453,50.756,50.732000000000006,52.025,48.6695,44.64168306213128,768820.3,48.26983333333333,52.9865,True,True,55.22,15028416.000000002,40094382.2835
2025-10-24,51.85,52.4,51.34,52.29,265000.0,19551862.0,30816753.0,0.008599218743129751,51.38199999999999,50.89,51.907500000000006,48.78283333333333,45.817245775969006,746241.8,48.33583333333333,52.694,True,True,54.88,13856850.0,38829555.5435
2025-10-27,52.65,53.12,51.07,52.53,483997.0,36011059.0,30816753.0,0.01570564556233423,51.903999999999996,50.965,51.79,48.894666666666666,48.35742439704311,744931.95,48.406,52.4985,False,True,54.88,25424362.41,38700801.328
2025-10-28,51.93,53.23,51.59,51.83,543700.0,40295435.0,30816753.0,0.017643000870338287,51.866,51.189,51.7375,49.00033333333333,48.80636600243441,697883.9,48.51,52.3815,False,False,53.7,28179971.0,36184356.194000006
2025-10-29,51.76,51.95,50.58,51.28,351900.0,25515380.0,30816753.0,0.011419113493235319,51.95399999999999,51.184000000000005,51.616499999999995,49.0925,50.23890780181948,675718.9,48.5825,52.193999999999996,False,False,53.7,18045432.0,34951515.79400001
2025-10-30,51.72,52.95,51.07,51.72,845522.0,62649471.0,30816753.0,0.02743708917029643,51.92999999999999,51.343,51.523,49.20433333333333,53.46127479448541,683314.0,48.6695,52.025,True,False,53.59,43730397.839999996,35279480.896
2025-10-31,51.91,53.57,51.35,53.19,1429284.0,107137953.0,30816753.0,0.04638009721530364,52.11,51.746,51.509,49.3565,54.70313537252541,710293.25,48.78283333333333,51.907500000000006,False,True,53.59,76023615.96,36702051.417500004
2025-11-03,53.76,53.76,52.1,52.93,803400.0,60133456.0,30816753.0,0.02607023523860544,52.19,52.047000000000004,51.476,49.498,62.78713622672129,710053.25,48.894666666666666,51.79,False,False,53.59,42523962.0,36662677.6175
2025-11-04,52.3,53.45,51.52,52.59,914916.0,68491932.0,30816753.0,0.02968891628524264,52.342000000000006,52.104,51.45399999999999,49.61533333333333,55.40308741203748,712114.05,49.00033333333333,51.7375,False,False,53.19,48115432.440000005,36751833.689500004
2025-11-05,51.84,53.88,51.63,52.89,1030207.0,77467999.0,30816753.0,0.03343009563661688,52.664,52.309000000000005,51.489,49.72866666666666,62.825278728665985,734203.45,49.0925,51.616499999999995,False,False,53.19,54487648.230000004,37940736.7205
2025-11-06,52.97,57.39,52.97,56.41,1628909.0,129036548.0,30816753.0,0.0528579049194443,53.602,52.766,51.749,49.90583333333334,77.23516145144313,749503.85,49.20433333333333,51.523,False,False,53.19,91886756.69,39147786.5445
2025-11-07,56.23,56.23,54.24,54.35,901100.0,70026117.0,30816753.0,0.02924058871484611,53.834,52.972,51.931,50.04516666666667,65.1608486713038,744343.85,49.3565,51.509,False,False,56.41,48974785.0,39050123.1445
2025-11-10,54.23,54.9,53.71,54.11,458354.0,35295945.0,30816753.0,0.014873533236937714,54.07000000000001,53.129999999999995,52.0475,50.19216666666667,58.196078367470975,706951.9,49.498,51.476,False,False,56.41,24801534.94,37167366.2145
2025-11-11,54.09,54.65,53.6,53.76,333274.0,25584398.0,30816753.0,0.010814701990180472,54.303999999999995,53.323,52.25599999999999,50.32566666666666,62.24832207454056,675200.6,49.61533333333333,51.45399999999999,False,False,56.41,17916810.24,35662306.876499996
2025-11-12,53.39,55.42,53.29,54.86,513200.0,39716272.0,30816753.0,0.016653279467827128,54.698,53.681000000000004,52.432500000000005,50.50066666666667,62.56239593378756,664567.3,49.72866666666666,51.489,False,False,56.41,28154152.0,35207079.3875
2025-11-13,54.5,55.28,52.6,52.97,932961.0,70655707.0,30816753.0,0.030274474406826703,54.010000000000005,53.806,52.5745,50.65683333333333,52.52600291713492,694555.35,49.90583333333334,51.749,False,False,56.41,49418944.17,36842860.796000004
2025-11-14,52.54,53.42,51.9,51.95,359770.0,26869237.0,30816753.0,0.011674494064965247,53.529999999999994,53.682,52.714,50.803000000000004,47.96348309891231,693895.8,50.04516666666667,51.931,False,False,56.41,18690051.5,36860625.233
2025-11-17,51.96,52.2,51.12,51.63,343692.0,25210837.0,30816753.0,0.011152764861372644,53.03399999999999,53.552,52.7995,50.9415,49.27849922872303,690484.3,50.19216666666667,52.0475,True,False,56.41,17744817.96,36719708.819000006
2025-11-18,51.63,52.69,50.8,51.78,357300.0,26380246.0,30816753.0,0.01159434285630287,52.638,53.471000000000004,52.7875,51.079,51.85735507236233,657479.3,50.32566666666666,52.25599999999999,True,True,56.41,18500994.0,34998501.119
2025-11-19,51.42,53.52,51.4,52.47,531140.0,39353920.0,30816753.0,0.017235430351795984,52.160000000000004,53.428999999999995,52.86899999999999,51.233666666666664,52.73522970544907,665876.3,50.50066666666667,52.432500000000005,True,True,56.41,27868915.8,35468692.509
2025-11-20,52.69,52.97,52.06,52.43,517040.0,38576541.0,30816753.0,0.016777887014897384,52.052,53.031000000000006,52.8985,51.37266666666667,46.90553740580801,677233.3,50.65683333333333,52.5745,True,True,56.41,27108407.2,36072692.069000006
2025-11-21,52.43,52.82,50.98,51.38,500554.0,36784256.0,30816753.0,0.016242918259428564,51.938,52.734,52.852999999999994,51.50266666666667,44.07039015937373,689011.0,50.803000000000004,52.714,True,True,56.41,25718464.52,36665772.795
2025-11-24,51.38,51.87,49.65,50.4,463186.0,33174658.0,30816753.0,0.015030331067001121,51.69199999999999,52.363,52.746500000000005,51.61983333333333,42.013129059942806,687970.45,50.9415,52.7995,True,True,56.41,23344574.4,36561783.3945
2025-11-25,50.71,51.28,50.16,51.02,319788.0,23069524.0,30816753.0,0.01037708288086029,51.54,52.089,52.705999999999996,51.743,43.33570915134,676774.85,51.079,52.7875,True,True,56.41,16315583.760000002,35968564.0325
2025-11-26,51.22,51.93,50.71,50.8,411400.0,29891483.0,30816753.0,0.01334988147518332,51.205999999999996,51.68300000000001,52.682,51.86083333333333,23.858341068591187,679749.85,51.233666666666664,52.86899999999999,True,True,56.41,20899120.0,36111248.4325
2025-11-27,50.75,51.7,50.71,50.75,450700.0,32653455.0,30816753.0,0.014625161839730488,50.87,51.461,52.633500000000005,51.99883333333333,29.357798118003544,660008.75,51.37266666666667,52.8985,True,True,56.41,22873025.0,35068379.7905
2025-11-28,50.76,53.04,50.76,52.86,655383.0,48581049.0,30816753.0,0.021267101047277758,51.166,51.552,52.617000000000004,52.183,44.09820579628188,621313.7,51.50266666666667,52.852999999999994,True,True,56.41,34643545.38,32999376.2615
2025-12-01,52.83,53.09,51.42,53.09,436600.0,32305310.0,30816753.0,0.014167618502831885,51.70399999999999,51.698,52.625,52.31733333333333,46.80038198135578,602973.7,51.61983333333333,52.746500000000005,False,True,56.41,23179094.0,32032132.861500002
2025-12-02,53.04,53.08,51.57,52.06,305900.0,22603004.0,30816753.0,0.009926418918956192,51.912,51.726,52.5985,52.429166666666674,36.538461489275164,572522.9,51.743,52.705999999999996,False,False,56.41,15925154.0,30422618.939499997
2025-12-03,51.68,52.68,51.45,51.86,244222.0,17976011.0,30816753.0,0.00792497509390428,52.124,51.665,52.547000000000004,52.50866666666666,43.628013707142124,533223.65,51.86083333333333,52.682,True,False,56.41,12665352.92,28331504.174000002
2025-12-04,51.86,52.81,51.43,51.98,459294.0,33884533.0,30816753.0,0.014904036126064286,52.370000000000005,51.620000000000005,52.3255,52.55333333333333,50.19206136969409,474742.9,51.99883333333333,52.633500000000005,True,True,56.41,23874102.119999997,24930871.4455
2025-12-05,51.74,52.9,50.93,52.87,442300.0,32808564.0,30816753.0,0.014352582830514299,52.372,51.769000000000005,52.2515,52.617333333333335,57.398567923200446,451802.9,52.183,52.617000000000004,True,True,54.86,23384401.0,23651352.245500002
2025-12-08,52.88,53.76,52.39,53.52,360260.0,27225078.0,30816753.0,0.011690394507169525,52.458000000000006,52.080999999999996,52.222,52.63283333333334,59.797297203022275,446898.2,52.31733333333333,52.625,False,True,54.86,19281115.200000003,23375331.258500002
2025-12-09,53.02,54.07,53.02,53.97,291600.0,22261269.0,30816753.0,0.009462385605647682,52.839999999999996,52.376,52.232499999999995,52.597,58.680555460471304,444814.5,52.429166666666674,52.5985,False,False,54.86,15737652.0,23266373.3465
2025-12-10,53.96,54.59,53.69,54.09,230700.0,17737290.0,30816753.0,0.007486187788830315,53.286,52.705,52.194,52.60850000000001,59.51834852829623,430689.5,52.50866666666666,52.547000000000004,False,False,54.86,12478563.0,22482593.8965
2025-12-11,54.08,54.52,53.08,53.53,415794.0,31836355.0,30816753.0,0.013492466256909027,53.596000000000004,52.983000000000004,52.222,52.59433333333333,63.06196830098809,404831.15,52.55333333333333,52.3255,False,False,54.09,22257452.82,21124519.329
2025-12-12,54.23,55.03,53.3,54.09,581994.0,44698402.0,30816753.0,0.01888563665354361,53.839999999999996,53.105999999999995,52.32899999999999,52.579,73.62355940707681,415942.35,52.617333333333335,52.2515,False,False,54.09,31480055.46,21764019.527
2025-12-15,54.5,54.5,51.9,52.26,426301.0,31915340.0,30816753.0,0.013833417167603609,53.588,53.023,52.3605,52.55283333333333,56.87361410241341,420072.8,52.63283333333334,52.222,False,False,54.09,22278490.259999998,21990703.142
2025-12-16,52.26,52.26,51.19,51.22,261800.0,19156414.0,30816753.0,0.008495379120571203,53.038,52.939,52.3325,52.5005,52.13414626728881,415297.8,52.597,52.232499999999995,True,False,54.09,13409396.0,21736123.242000002
2025-12-17,52.11,52.11,50.84,51.32,362200.0,26427549.0,30816753.0,0.011753347278345646,52.484,52.885000000000005,52.275,52.446,52.881698610683124,406850.8,52.60850000000001,52.194,True,True,54.09,18588104.0,21272082.652
2025-12-18,51.95,53.53,51.17,52.52,521800.0,39108416.0,30816753.0,0.016932348453453223,52.282,52.939,52.279500000000006,52.401,48.10690415662623,407088.8,52.59433333333333,52.222,True,True,54.09,27404936.0,21286909.092
2025-12-19,52.95,53.52,52.47,53.34,336761.0,25399583.0,30816753.0,0.01092785472888724,52.13199999999999,52.986000000000004,52.3775,52.37933333333333,51.30616502421251,398899.15,52.579,52.32899999999999,False,True,54.09,17962831.740000002,20899127.453
2025-12-22,53.45,57.26,53.45,55.53,1146705.0,90843196.0,30816753.0,0.03721044199562491,52.786,53.187,52.634,52.39016666666667,66.16961780742079,433075.1,52.55283333333333,52.3605,False,False,54.09,63676528.65,22915725.1655
2025-12-23,55.64,57.32,55.44,56.97,639560.0,51255870.0,30816753.0,0.02075364656360779,53.936,53.487,52.93149999999999,52.458333333333336,71.34502915632157,449063.7,52.5005,52.3325,False,False,55.53,36435733.2,23921732.6375
2025-12-24,57.59,60.85,57.01,60.15,1315588.0,110624987.0,30816753.0,0.04269067542579843,55.702,54.092999999999996,53.399,52.56583333333333,77.17897531067824,494273.1,52.446,52.275,False,False,56.97,79132618.2,26833407.5475
2025-12-25,59.48,60.22,57.85,58.39,873994.0,72813599.0,30816753.0,0.02836100221201111,56.876,54.57899999999999,53.781000000000006,52.645833333333336,67.35849050672837,515437.8,52.401,52.279500000000006,False,False,60.15,51032509.660000004,28241381.780500002
2025-12-26,57.97,59.72,57.91,58.26,632800.0,52885336.0,30816753.0,0.020534285360952857,57.86,54.996,54.051,52.72566666666667,65.40962282732542,514308.65,52.37933333333333,52.3775,False,False,60.15,36866928.0,28352550.9115
2025-12-29,58.26,58.93,56.44,56.84,1248389.0,100988971.0,30816753.0,0.04051007580195097,58.122,55.45399999999999,54.2385,52.779833333333336,58.77675835945721,554898.1,52.39016666666667,52.634,False,False,60.15,70958430.76,30741517.7495
2025-12-30,56.35,57.05,55.66,55.71,838100.0,66856520.0,30816753.0,0.027196246145724697,57.870000000000005,55.903,54.42099999999999,52.82449999999999,54.66589857342611,581508.1,52.458333333333336,52.93149999999999,False,False,60.15,46690551.0,32279787.5995
2025-12-31,56.34,56.49,55.58,55.79,362045.0,28756441.0,30816753.0,0.011748317546627966,56.998000000000005,56.35,54.61749999999999,52.884499999999996,56.694312749187176,587399.25,52.56583333333333,53.399,False,False,60.15,20198490.55,32656444.481
2026-01-05,55.82,56.74,54.94,55.08,929016.0,73610804.0,30816753.0,0.030146459622141242,56.336,56.605999999999995,54.7725,52.949,52.90663530589001,610885.35,52.645833333333336,53.781000000000006,False,False,60.15,51170201.28,34021249.439
2026-01-06,55.35,55.41,54.31,54.9,549488.0,42944208.0,30816753.0,0.01783082078764106,55.664,56.762,54.874,53.018833333333326,58.58257471910559,616244.75,52.72566666666667,54.051,False,False,60.15,30166891.2,34360373.949
2026-01-07,57.75,57.75,54.09,54.66,860000.0,67323824.0,30816753.0,0.02790689856260976,55.227999999999994,56.675,54.931,53.066833333333335,61.796982108013864,641231.75,52.779833333333336,54.2385,False,False,60.15,47007600.0,35746698.188999996
2026-01-08,54.59,55.48,54.11,55.27,1149940.0,89424411.0,30816753.0,0.03731541736405519,55.14,56.504999999999995,54.996,53.161500000000004,63.08813778109782,684148.75,52.82449999999999,54.42099999999999,True,False,60.15,63557183.800000004,38137674.779
2026-01-09,55.92,55.92,54.02,54.92,969100.0,75294101.0,30816753.0,0.03144718069421525,54.965999999999994,55.98199999999999,55.0375,53.221333333333334,58.42696623469258,721068.75,52.884499999999996,54.61749999999999,False,True,60.15,53222972.0,40174895.229
2026-01-12,56.2,56.2,52.34,53.14,1372330.0,104140221.0,30816753.0,0.04453194663305378,54.577999999999996,55.456999999999994,55.017999999999994,53.271499999999996,49.342105217711214,768895.55,52.949,54.7725,True,False,60.15,72925616.2,42708303.397999994
2026-01-13,52.83,54.22,52.12,52.72,1268400.0,95652170.0,30816753.0,0.04115943039164444,54.141999999999996,54.903,54.9495,53.33083333333333,39.53834694314693,803215.85,53.018833333333326,54.874,True,True,60.15,66870048.0,44477803.025
2026-01-14,52.43,53.3,51.98,53.04,731500.0,54615152.0,30816753.0,0.023737088719243068,53.818,54.523,54.9885,53.38283333333333,34.037367954790994,818475.8,53.066833333333335,54.931,True,True,60.15,38798760.0,45303816.512
2026-01-15,52.14,54.47,52.14,54.23,751800.0,57279617.0,30816753.0,0.024395821324848858,53.61,54.375,55.138999999999996,53.419666666666664,21.31782942844481,842975.8,53.161500000000004,54.996,True,True,60.15,40770114.0,46671852.412
2026-01-16,54.23,54.77,53.61,54.45,434245.0,33396599.0,30816753.0,0.014091199030605203,53.516,54.24100000000001,55.295500000000004,53.47983333333333,27.56264232507101,846578.05,53.221333333333334,55.0375,True,True,60.15,23644640.25,46924679.2245
2026-01-19,54.02,55.57,54.02,55.0,429261.0,33506669.0,30816753.0,0.013929468818470266,53.888,54.23299999999999,55.41949999999999,53.532500000000006,32.2826086465265,841951.1,53.271499999999996,55.017999999999994,True,True,60.15,23609355.0,46734900.1745
2026-01-20,55.45,55.62,54.04,54.5,592394.0,46122149.0,30816753.0,0.01922311542685889,54.24399999999999,54.193000000000005,55.4775,53.56933333333334,35.86956515674228,854732.75,53.33083333333333,54.9495,True,True,60.15,32285473.0,47451032.2375
2026-01-21,54.31,55.82,54.23,55.1,277900.0,21743623.0,30816753.0,0.009017822221568899,54.65599999999999,54.237,55.456,53.61216666666667,46.06451604581895,811292.5,53.38283333333333,54.9885,True,True,60.15,15312290.0,45032820.305
2026-01-22,54.92,55.35,54.62,54.67,248000.0,19325270.0,30816753.0,0.008047570748287465,54.74400000000001,54.177,55.340999999999994,53.6595,43.086419678616096,791714.5,53.419666666666664,55.138999999999996,True,True,60.15,13558160.0,43888941.644999996
2026-01-23,54.94,55.26,54.19,54.42,374862.0,29038271.0,30816753.0,0.012164227684856999,54.738,54.126999999999995,55.0545,53.71183333333333,45.68062818854339,744678.2,53.47983333333333,55.295500000000004,True,True,60.15,20399990.04,40952310.237
2026-01-26,54.24,55.11,54.24,54.74,380800.0,29556438.0,30816753.0,0.012356915084467205,54.686,54.287,54.872,53.762166666666666,48.97172227691466,720018.5,53.532500000000006,55.41949999999999,True,True,58.39,20844992.0,39442934.354
2026-01-27,54.39,54.96,53.88,54.04,502100.0,38670299.0,30816753.0,0.016293085777077162,54.59400000000001,54.419,54.661,53.77633333333333,46.237863999110445,713483.5,53.56933333333334,55.4775,True,True,58.26,27133484.0,38956262.154
2026-01-28,53.9,54.19,52.05,52.54,740041.0,55542531.0,30816753.0,0.024014243161828243,54.081999999999994,54.36900000000001,54.446000000000005,53.76983333333333,35.04928800759144,688066.1,53.61216666666667,55.456,True,True,56.84,38881754.14,37352428.323
2026-01-29,52.13,52.71,51.99,52.3,324229.0,24090073.0,30816753.0,0.010521192807042326,53.608000000000004,54.176,54.2755,53.765,35.47671834848401,662372.55,53.6595,55.340999999999994,True,True,55.79,16957176.7,35865759.607999995
2026-01-30,52.34,53.71,52.19,52.97,405600.0,30591291.0,30816753.0,0.013161672159295952,53.318,54.028,54.13449999999999,53.766333333333336,48.92541078571987,664550.3,53.71183333333333,55.0545,True,True,55.79,21484632.0,35930066.6805
2026-02-02,52.93,53.62,51.76,51.92,543951.0,40446199.0,30816753.0,0.017651145790732722,52.754,53.720000000000006,53.9765,53.6915,45.316159176296715,645297.05,53.762166666666666,54.872,True,True,55.27,28241935.92,34783653.4125
2026-02-03,51.92,53.88,51.92,53.55,551753.0,41818577.0,30816753.0,0.017904319770483283,52.65599999999999,53.625,53.909000000000006,53.67816666666667,52.588832412564095,645410.3,53.77633333333333,54.661,True,True,55.27,29546373.15,34752627.510000005
2026-02-04,53.73,55.14,53.26,54.57,515594.0,39823009.0,30816753.0,0.01673096448545374,53.062,53.572,53.9045,53.68583333333333,51.75619827225345,628190.0,53.76983333333333,54.446000000000005,True,True,55.27,28135964.580000002,33809045.739
2026-02-05,54.25,57.67,53.78,56.63,923215.0,73653242.0,30816753.0,0.029958217856371826,53.928,53.76800000000001,53.972500000000004,53.733666666666664,59.461805483292935,616853.75,53.765,54.2755,False,True,55.27,52281665.45,33245269.821499996
2026-02-06,56.63,56.63,54.7,54.78,524100.0,41283876.0,30816753.0,0.01700698318216718,54.290000000000006,53.803999999999995,53.9655,53.73233333333334,49.141965624961976,594603.75,53.766333333333336,54.13449999999999,False,False,56.63,28710198.0,32019631.121499997
2026-02-09,54.78,55.38,54.11,55.3,311600.0,24254276.0,30816753.0,0.010111383246638605,54.965999999999994,53.86,54.0735,53.771166666666666,53.11526473959393,541567.25,53.6915,53.9765,False,False,56.63,17231480.0,29234924.3115
2026-02-10,55.19,56.12,54.66,55.95,409394.0,32223295.0,30816753.0,0.01328478701179193,55.446000000000005,54.051,54.235,53.837833333333336,53.29712949991003,498616.95,53.67816666666667,53.909000000000006,False,False,56.63,22905594.3,27036701.626500003
2026-02-11,55.58,57.05,55.58,56.11,495200.0,39764278.0,30816753.0,0.016069181590935296,55.754,54.408,54.3885,53.9125,55.70522973218119,486801.95,53.68583333333333,53.9045,False,False,56.63,27785672.0,26486047.2265
2026-02-12,56.11,56.83,55.64,56.5,392255.0,31434497.0,30816753.0,0.012728628483344757,55.727999999999994,54.827999999999996,54.501999999999995,53.99116666666667,58.150470155634274,468824.7,53.733666666666664,53.972500000000004,False,False,56.63,22162407.5,25555661.901499998
2026-02-13,56.5,57.88,56.36,56.97,470900.0,38122775.0,30816753.0,0.015280649457131321,56.166,55.227999999999994,54.628,54.06616666666667,58.6367156606573,470657.45,53.73233333333334,53.9655,False,False,56.63,26827173.0,25714788.538999997
2026-02-24,57.25,58.45,55.56,58.36,679994.0,55205212.0,30816753.0,0.02206572509439914,56.778,55.872,54.79600000000001,54.165,65.8823528733564,483194.1,53.771166666666666,54.0735,False,False,56.97,39684449.839999996,26518543.281
2026-02-25,58.38,59.73,57.31,59.63,524584.0,43847929.0,30816753.0,0.01702268892507916,57.513999999999996,56.48,55.052499999999995,54.302499999999995,76.51458481142825,479803.6,53.837833333333336,54.235,False,False,58.36,31280943.92,26468316.827
2026-02-26,59.87,60.79,59.21,60.34,458613.0,39088613.0,30816753.0,0.014881937756388547,58.36,57.057,55.314499999999995,54.46816666666667,79.04624269460642,488839.25,53.9125,54.3885,False,False,59.63,27672708.42,27086337.748000003
2026-02-27,59.44,62.6,59.44,60.43,774349.0,67252269.0,30816753.0,0.025127533715184076,59.146,57.437,55.6025,54.625,78.12971334134119,515156.7,53.99116666666667,54.501999999999995,False,False,60.34,46793910.07,28748125.2515
2026-03-02,60.62,62.29,57.26,57.8,1132600.0,94708933.0,30816753.0,0.03675273640931606,59.312,57.73900000000001,55.7715,54.74166666666667,69.81132068885722,553043.6,54.06616666666667,54.628,False,False,60.43,65464280.0,31001339.7495
2026-03-03,57.84,58.28,55.5,56.1,875395.0,70294311.0,30816753.0,0.028406464496762523,58.86,57.818999999999996,55.8395,54.83083333333333,58.55130779210475,577773.35,54.165,54.79600000000001,False,False,60.43,49109659.5,32414573.1245
2026-03-04,56.02,57.6,54.8,55.07,614895.0,48659174.0,30816753.0,0.01995327022285573,57.948,57.73100000000001,55.891,54.867666666666665,51.67560316866901,583413.1,54.302499999999995,55.052499999999995,False,False,60.43,33862267.65,32751012.307
2026-03-05,57.27,57.27,55.51,56.49,366001.0,29213911.0,30816753.0,0.01187668928001597,57.178,57.769000000000005,56.088499999999996,54.92433333333334,49.50980387302961,564711.1,54.46816666666667,55.314499999999995,True,False,60.43,20675396.490000002,31840694.4245
2026-03-06,56.65,58.31,56.17,57.46,400793.0,32711726.0,30816753.0,0.013005685576283782,56.584,57.86500000000001,56.346500000000006,55.014333333333326,59.99999993731343,568539.3,54.625,55.6025,False,True,60.43,23029565.78,32144313.878499996
2026-03-09,57.62,57.95,56.26,57.05,403240.0,32654667.0,30816753.0,0.013085090437659022,56.43399999999999,57.873000000000005,56.5505,55.100833333333334,56.58389760781229,568421.3,54.74166666666667,55.7715,False,False,60.43,23004842.0,32220324.378499996
2026-03-10,57.13,59.84,57.13,59.55,430270.0,35926557.0,30816753.0,0.013962210749458257,57.124,57.992,56.931999999999995,55.227,61.88903560987802,562737.25,54.83083333333333,55.8395,False,False,60.43,25622578.5,32089356.5075
2026-03-11,59.96,60.2,59.19,59.86,301000.0,25527264.0,30816753.0,0.009767414496913415,58.081999999999994,58.015,57.2475,55.3435,62.26291688216607,550199.6,54.867666666666665,55.891,False,False,60.43,18017860.0,31512930.85
2026-03-12,59.81,60.31,58.64,58.93,215572.0,18116711.0,30816753.0,0.0069952859731847805,58.56999999999999,57.874,57.465500000000006,55.43366666666667,57.67530001216335,535198.5,54.92433333333334,56.088499999999996,False,False,60.43,12703657.959999999,30741315.519
2026-03-13,59.08,59.83,57.83,58.71,261700.0,21971310.0,30816753.0,0.008492134132366248,58.82000000000001,57.702,57.56949999999999,55.51266666666667,55.58408210666386,502122.75,55.014333333333326,56.346500000000006,False,False,60.43,15364407.0,28895452.596499998
2026-03-16,59.08,59.13,56.11,56.27,1097168.0,88783125.0,30816753.0,0.03560297218853654,58.664,57.549,57.644000000000005,55.549,43.71617554948729,530776.15,55.100833333333334,56.5505,False,False,60.43,61737643.36000001,30546824.864499997
2026-03-17,56.35,56.63,53.96,54.09,651553.0,50795476.0,30816753.0,0.021142817999027997,57.572,57.348,57.5835,55.55833333333333,34.20752562834063,547773.8,55.227,56.931999999999995,True,False,60.43,35242501.77,31447375.952999998
2026-03-18,54.1,54.62,52.54,53.97,654407.0,49478006.0,30816753.0,0.0212354299623974,56.394000000000005,57.238,57.484500000000004,55.556333333333335,31.20943950224587,560024.45,55.3435,57.2475,True,True,60.43,35318345.79,32068013.527500004
2026-03-19,53.99,54.23,52.94,53.25,435307.0,33081692.0,30816753.0,0.014125660805341821,55.258,56.914,57.341499999999996,55.57283333333334,29.579067098173667,557029.8,55.43366666666667,57.465500000000006,True,True,60.43,23180097.75,31837734.815000005
2026-03-20,53.88,54.23,51.6,51.93,1091071.0,81025970.0,31441619.0,0.03470148913133258,53.902,56.361000000000004,57.113,55.584666666666664,31.960663770900496,591970.6,55.51266666666667,57.56949999999999,True,True,60.43,56659317.03,33562580.2915
2026-03-23,51.37,51.76,50.27,50.62,645866.0,46681113.0,31441619.0,0.020541753909046476,52.772000000000006,55.717999999999996,56.795500000000004,55.573,32.74559191067769,600718.9,55.549,57.644000000000005,True,True,60.43,32693736.919999998,33855908.4875
2026-03-24,49.59,51.69,49.59,51.25,546700.0,39584412.0,31441619.0,0.01738778146252583,52.20399999999999,54.888,56.44,55.55183333333333,37.66149867394956,594054.2,55.55833333333333,57.5835,True,True,60.43,28018375.0,33272604.7455
2026-03-25,51.07,52.19,49.97,51.49,832400.0,60229810.0,31441619.0,0.02647446367186117,51.708000000000006,54.051,56.033,55.521,32.517482485647236,609445.0,55.556333333333335,57.484500000000004,True,True,60.43,42860276.0,33851571.3495
2026-03-26,51.47,52.46,50.8,51.87,467800.0,34519909.0,31441619.0,0.01487836869977974,51.432,53.345000000000006,55.60949999999999,55.46,29.613420830445804,609904.35,55.57283333333334,57.341499999999996,True,True,60.43,24264786.0,33681175.22849999
2026-03-27,51.77,51.77,50.33,50.92,531100.0,38371914.0,31441619.0,0.016891623806013296,51.23,52.565999999999995,55.134,55.35916666666667,28.491228042184076,597741.9,55.584666666666664,57.113,True,True,60.43,27043612.0,32693660.325
2026-03-30,51.14,51.25,50.47,50.72,317200.0,22895922.0,31441619.0,0.010088539015754882,51.25,52.011,54.779999999999994,55.202,13.054393290145484,556971.9,55.573,56.795500000000004,True,True,59.86,16088384.0,30224865.525
2026-03-31,50.68,51.0,49.92,50.02,336033.0,24003451.0,31441619.0,0.010687522166081842,51.004,51.604,54.476,55.0625,10.129659631943667,530003.8,55.55183333333333,56.44,True,True,59.86,16808370.66,28609801.082999997
2026-04-01,50.71,51.83,50.42,51.44,378206.0,27579569.0,31441619.0,0.01202883350249871,50.99399999999999,51.351,54.294500000000006,54.94883333333333,20.81060013317625,518169.35,55.521,56.033,True,True,59.86,19454916.64,27889433.532500006
2026-04-02,52.11,52.11,50.73,50.99,216395.0,15785170.0,31441619.0,0.006882438210322439,50.818,51.125,54.01950000000001,54.851333333333336,20.444104112847043,510689.05,55.46,55.60949999999999,True,True,59.86,11033981.05,27407362.760500003
2026-04-03,50.71,52.47,49.78,50.48,703900.0,50635686.0,31441619.0,0.02238752400122907,50.73,50.98,53.670500000000004,54.764166666666675,23.98921829866582,525844.4,55.35916666666667,55.134,True,True,59.86,35532872.0,28032528.071499996
2026-04-07,50.49,51.97,48.67,50.74,917494.0,65470444.0,31441619.0,0.029180876468225127,50.733999999999995,50.992,53.355,54.68,31.81324642286802,551557.1,55.202,54.779999999999994,True,True,59.86,46553645.56,29209968.2495
2026-04-08,51.76,53.18,50.83,52.59,1007500.0,74287316.0,31441619.0,0.03204351531643456,51.248000000000005,51.126,53.007000000000005,54.6385,43.69287014518282,580418.6,55.0625,54.476,True,True,59.86,52984425.0,30578060.574500002
2026-04-09,51.9,52.16,51.14,51.4,349593.0,25562716.0,31441619.0,0.011118797667511969,51.239999999999995,51.117,52.584,54.58016666666667,41.89307619750193,582848.25,54.94883333333333,54.294500000000006,True,True,59.86,17969080.2,30575621.584500004
2026-04-10,51.42,54.77,51.42,54.66,916020.0,69675419.0,31441619.0,0.029133995930680286,51.974000000000004,51.396,52.37050000000001,54.58016666666666,60.22471903796657,617870.65,54.851333333333336,54.01950000000001,True,True,58.93,50069653.199999996,32443921.346499998
2026-04-13,53.97,56.09,53.74,55.85,1014878.0,79310442.0,31441619.0,0.03227817244398261,53.048,51.888999999999996,52.2275,54.58983333333333,69.76568397757222,655529.55,54.764166666666675,53.670500000000004,False,True,58.71,56680936.300000004,34509747.8115
2026-04-14,55.93,55.93,54.09,54.33,973900.0,75874800.0,31441619.0,0.03097486805625372,53.766,52.25,52.130500000000005,54.58,60.90651552034764,649366.15,54.68,53.355,False,False,56.27,52911987.0,34068464.9935
2026-04-15,54.94,55.75,53.53,54.02,918500.0,71005709.0,31441619.0,0.029212872276074588,54.052,52.65,52.126999999999995,54.59466666666666,58.91472862404467,662713.5,54.6385,53.007000000000005,False,False,55.85,49617370.0,34787208.405
2026-04-16,54.02,56.97,53.42,56.43,924477.0,73331998.0,31441619.0,0.02940297062947045,55.05800000000001,53.149,52.25,54.65650000000001,64.05672004335426,676217.0,54.58016666666667,52.584,False,False,55.85,52168237.11,35629702.971
2026-04-17,56.43,56.75,55.43,55.94,498400.0,39634101.0,31441619.0,0.015851601026015866,55.314,53.64399999999999,52.3845,54.70483333333334,65.92639588052222,679371.65,54.58016666666666,52.37050000000001,False,False,56.43,27880496.0,35864722.883499995
2026-04-20,55.64,56.94,55.64,56.21,350600.0,28090030.0,31441619.0,0.011150825280339413,55.386,54.217,52.5985,54.737833333333334,67.34049267575699,642348.1,54.58983333333333,52.2275,False,False,56.43,19707226.0,34017118.332
2026-04-21,56.21,57.75,55.92,57.71,547100.0,44141043.0,31441619.0,0.01740050345371846,56.062,54.914,52.952999999999996,54.79216666666666,73.120865843434,637409.8,54.58,52.130500000000005,False,False,56.43,31573141.0,33961088.536
2026-04-22,57.33,58.32,57.05,57.93,409100.0,33598331.0,31441619.0,0.013011416492261419,56.84400000000001,55.448,53.287,54.841,71.03046007813178,630529.8,54.59466666666666,52.126999999999995,False,False,57.71,23699163.0,33745127.936
2026-04-23,58.45,59.52,57.4,57.82,371000.0,30638797.0,31441619.0,0.011799646831163498,57.122,56.089999999999996,53.6035,54.89633333333333,72.63088131101173,607459.8,54.65650000000001,52.25,False,False,57.93,21451220.0,32674675.135999996
2026-04-24,58.81,58.81,56.99,57.62,278400.0,22775376.0,31441619.0,0.008854505870069859,57.458000000000006,56.386,53.891,54.93833333333334,74.15426244667388,597989.8,54.70483333333334,52.3845,False,False,57.93,16041408.0,32263506.235999994
2026-04-27,58.02,60.5,57.13,60.47,1034800.0,87624087.0,31441619.0,0.0329117912153315,58.31,56.848,54.3685,55.035,78.00805981047131,623174.8,54.737833333333334,52.5985,False,False,57.93,62574356.0,34040043.436
2026-04-28,59.48,61.19,56.07,57.07,1115982.0,91667486.0,31441619.0,0.03549378293783154,58.181999999999995,57.122,54.68599999999999,55.079166666666666,61.83932342147195,663113.9,54.79216666666666,52.952999999999996,False,False,60.47,63689092.74,36420078.872999996
2026-04-29,57.03,58.38,56.87,57.19,515100.0,42007503.0,31441619.0,0.01638274415830813,58.03399999999999,57.439,55.04449999999999,55.120000000000005,66.2184873430219,672067.25,54.841,53.287,False,False,60.47,29458569.0,37052588.79
2026-04-30,56.98,57.66,56.56,57.09,319900.0,25889738.0,31441619.0,0.010174412456305128,57.888,57.50500000000001,55.32700000000001,55.170833333333334,58.2709325516819,669151.95,54.89633333333333,53.6035,False,False,60.47,18263091.0,36992997.508
2026-05-06,57.64,60.34,57.18,58.64,858600.0,71713880.0,31441619.0,0.02730775409497838,58.092,57.775,55.709500000000006,55.27250000000001,59.26910293489917,701262.2,54.93833333333334,53.891,False,False,60.47,50348304.0,38958713.6555
2026-05-07,59.85,59.85,58.11,58.47,459200.0,38268535.0,31441619.0,0.014604845889138214,57.69200000000001,58.001,56.109,55.37533333333333,65.10948898455965,689027.2,55.035,54.3685,False,False,60.47,26849424.0,38524541.2555
2026-05-08,58.77,61.19,58.16,60.81,803480.0,68631407.0,31441619.0,0.025554663708634087,58.44,58.311,56.6125,55.506,71.5829624283432,683326.5,55.079166666666666,54.68599999999999,False,False,60.47,48859618.800000004,38639839.917500004
2026-05-11,61.15,61.71,58.94,59.21,889040.0,75282588.0,31441619.0,0.028275897624737454,58.84400000000001,58.439,56.94349999999999,55.627500000000005,59.316353831740685,677403.5,55.120000000000005,55.04449999999999,False,False,60.81,52640058.4,38622621.5875
2026-05-12,58.96,59.96,58.67,59.86,445994.0,37586072.0,31441619.0,0.014184829349913565,59.398,58.64300000000001,57.366499999999995,55.73266666666667,62.99734742162051,682223.55,55.170833333333334,55.32700000000001,False,False,60.81,26697200.84,39059027.6195
2026-05-13,59.66,60.88,58.6,60.54,559300.0,47558415.0,31441619.0,0.01778852418509365,59.778,58.935,57.6605,55.83216666666667,63.97675914166077,664387.55,55.27250000000001,55.709500000000006,False,False,60.81,33860022.0,38248546.0595
2026-05-14,60.2,62.6,60.2,60.35,768650.0,66869414.0,31441619.0,0.02444689632553591,60.153999999999996,58.923,57.8855,55.89416666666667,59.3088856960279,652076.15,55.37533333333333,56.109,False,False,60.81,46388027.5,37733900.6195
2026-05-15,59.87,61.62,58.67,59.16,506610.0,43079708.0,31441619.0,0.01611271989524458,59.824,59.13199999999999,58.126999999999995,55.967166666666664,54.05940589063816,628711.65,55.506,56.6125,False,False,60.81,29971047.599999998,36586853.6495
2026-05-18,59.16,60.54,58.82,60.36,654996.0,55755040.0,31441619.0,0.020832133358018236,60.053999999999995,59.449,58.443999999999996,56.051500000000004,57.82019699448997,615536.45,55.627500000000005,56.94349999999999,False,False,60.81,39535558.56,36082763.0775
2026-05-19,60.16,60.29,58.11,58.81,668220.0,55888478.0,31441619.0,0.021252722386846556,59.843999999999994,59.621,58.563,56.09916666666666,53.382603709644336,602723.6,55.73266666666667,57.366499999999995,False,False,60.81,39298018.2,35439252.13200001
2026-05-20,59.25,59.27,58.22,58.64,320304.0,26676768.0,31441619.0,0.010187261667409684,59.464,59.621,58.698,56.141333333333336,43.86317903326061,593818.8,55.83216666666667,57.6605,False,False,60.81,18782626.56,34984358.660000004
2026-05-21,58.28,59.9,57.33,57.92,548640.0,45786434.0,31441619.0,0.017449483119810084,58.977999999999994,59.565999999999995,58.783500000000004,56.16499999999999,53.47506126339732,603720.8,55.89416666666667,57.8855,True,False,60.81,31777228.8,35587858.8
2026-05-22,58.38,58.45,56.3,58.41,706269.0,57625371.0,31441619.0,0.02246286999406742,58.827999999999996,59.326,58.81849999999999,56.189,54.8412697803351,611679.25,55.967166666666664,58.126999999999995,True,True,60.81,41253172.29,36071860.3645
2026-05-25,58.41,58.46,52.83,53.8,1591400.0,124103511.0,31441619.0,0.050614441959874905,57.516,58.785000000000004,58.612,56.11299999999999,40.38573930067793,670794.25,56.051500000000004,58.443999999999996,True,True,60.81,85617320.0,39167768.2145
2026-05-26,53.95,54.07,52.15,53.79,717840.0,54473356.0,31441619.0,0.022830885394292195,56.512,58.178,58.4105,56.01566666666667,34.4251765907545,688136.25,56.09916666666666,58.563,True,True,60.81,38612613.6,40025837.8945
2026-05-27,52.89,53.94,52.26,52.73,469226.0,35146007.0,31441619.0,0.014923722598381465,55.33,57.397000000000006,58.16600000000001,55.88883333333333,32.563790980808434,697677.55,56.141333333333336,58.698,True,True,60.81,24742286.979999997,40460881.8435
2026-05-28,52.13,52.81,51.65,52.11,401026.0,29657349.0,31441619.0,0.012754623100038201,54.16799999999999,56.573,57.748000000000005,55.75016666666667,20.488466737663572,665988.85,56.16499999999999,58.783500000000004,True,True,60.81,20897464.86,38377037.2865
2026-05-29,51.92,52.59,50.01,51.33,683350.0,49609548.0,31441619.0,0.02173393170370775,52.751999999999995,55.79,57.461,55.64233333333333,21.695402277030468,644357.25,56.189,58.81849999999999,True,True,60.81,35076355.5,36946400.4245
2026-06-01,51.18,51.33,49.77,50.36,578734.0,41413526.0,31441619.0,0.018406622127187536,52.064,54.79,57.1195,55.54666666666667,16.643258410603536,647538.95,56.11299999999999,58.612,True,True,60.81,29145044.24,36930724.1865
2026-06-02,50.37,51.26,50.01,50.71,514240.0,36990132.0,31441619.0,0.01635539187724398,51.448,53.98,56.8005,55.474000000000004,14.665708108891451,657255.95,56.01566666666667,58.4105,True,True,60.81,26077110.400000002,37321425.1565
2026-06-03,50.75,50.92,48.36,48.64,922240.0,64599289.0,31441619.0,0.02933182289372567,50.629999999999995,52.98,56.3005,55.34316666666667,12.919569336233437,660437.95,55.88883333333333,58.16600000000001,True,True,60.81,44857753.6,37046897.6365
2026-06-04,48.59,48.62,47.25,47.54,802040.0,54527861.0,31441619.0,0.025508864540340622,49.715999999999994,51.94199999999999,55.754,55.17783333333333,12.993630561661732,677579.95,55.75016666666667,57.748000000000005,True,True,60.81,38128981.6,37610875.5165
2026-06-05,48.61,48.61,47.19,47.8,532700.0,36087941.0,31441619.0,0.016942511770783812,49.010000000000005,50.881,55.1035,55.02366666666667,7.452574518676386,664040.95,55.64233333333333,57.461,True,True,60.81,25463060.0,36441047.5765
2026-06-08,47.03,47.03,44.44,45.92,846000.0,54908599.0,31441619.0,0.026907011372410562,48.122,50.093,54.439,54.7965,7.289595752017576,661888.95,55.54666666666667,57.1195,True,True,60.54,38848320.0,35751460.6565
2026-06-09,46.48,46.7,45.39,46.44,374553.0,24588854.0,31441619.0,0.011912649917932025,47.267999999999994,49.358,53.76800000000001,54.57283333333333,10.49222796976089,658316.9,55.474000000000004,56.8005,True,True,60.54,17394241.32,35286312.6805
2026-06-10,46.21,46.25,44.71,45.99,745900.0,48136424.0,31441619.0,0.023723333076455126,46.738,48.684000000000005,53.040499999999994,54.357166666666664,10.678971644726019,667646.9,55.34316666666667,56.3005,True,True,60.54,34303941.0,35308508.6305
2026-06-11,46.03,46.74,45.09,46.56,366400.0,23984116.0,31441619.0,0.011653343932448263,46.541999999999994,48.129000000000005,52.351,54.15466666666667,11.147540973372742,647534.4,55.17783333333333,55.754,True,True,60.36,17059584.0,33842086.4555
2026-06-12,46.96,47.87,46.29,46.68,571375.0,38248703.0,31441619.0,0.01817256929422114,46.318,47.664,51.727,53.994833333333325,16.914498119256194,650772.65,55.02366666666667,55.1035,True,True,60.36,26671785.0,33677123.3255
2026-06-15,47.18,47.61,45.78,46.95,773305.0,51061549.0,31441619.0,0.02459494849804013,46.524,47.323,51.0565,53.87583333333334,18.965517217285168,656688.1,54.7965,54.439,True,True,60.36,36306669.75,33515678.885
2026-06-16,46.56,47.54,45.87,46.54,479090.0,31814190.0,31441619.0,0.015237446901191698,46.544000000000004,46.906,50.443,53.751999999999995,20.154291197477306,647231.6,54.57283333333333,53.76800000000001,True,True,58.81,22296848.599999998,32665620.404999994
2026-06-17,47.05,48.47,46.77,47.49,585369.0,39723224.0,31441619.0,0.01861764815609527,46.84400000000001,46.791,49.8855,53.65599999999999,28.411214916097478,660484.85,54.357166666666664,53.040499999999994,True,True,58.64,27799173.810000002,33116447.767500002
2026-06-18,47.4,48.49,46.13,48.1,853574.0,57399639.0,31441619.0,0.027147902275642993,47.152,46.847,49.3945,53.59216666666667,34.66286795011585,675731.55,54.15466666666667,52.351,True,True,58.41,41056909.4,33580431.7975
2026-06-22,47.75,48.1,46.13,47.94,771484.0,51599373.0,31441619.0,0.024537031633135687,47.404,46.861000000000004,48.871,53.5475,37.55144027513166,678992.3,53.994833333333325,51.727,True,True,58.41,36984942.96,33367020.331
2026-06-23,47.71,49.31,46.95,49.03,832985.0,57647180.0,31441619.0,0.026493069583980393,47.82,47.172000000000004,48.6325,53.5105,41.96940720960118,641071.55,53.87583333333334,51.0565,True,True,53.8,40841254.550000004,31128217.0585
2026-06-24,49.42,49.42,47.44,48.59,618786.0,42464847.0,31441619.0,0.019680475105305486,48.230000000000004,47.387,48.3725,53.46216666666667,49.71687421335944,636118.85,53.751999999999995,50.443,False,True,53.79,30066811.740000002,30700926.965499997
2026-06-25,48.59,48.59,45.77,45.95,1072300.0,50575934.0,44018266.99999999,0.02436034112837746,47.922000000000004,47.382999999999996,48.0335,53.3635,42.3336547162323,666272.55,53.65599999999999,49.8855,False,False,52.73,49272185.0,31927421.8665
2026-06-26,45.98,48.84,45.98,47.99,1708620.0,81349019.0,44018266.99999999,0.03881615784646861,47.9,47.525999999999996,47.8275,53.31466666666667,50.78189294560113,731652.25,53.59216666666667,49.3945,True,False,52.11,81996673.8,34982382.3135
2026-06-29,48.27,52.7,47.21,51.18,2207580.0,111057568.0,44018266.99999999,0.05015145189609578,48.548,47.976,47.82000000000001,53.32233333333333,69.53937585634833,807863.75,53.5475,48.871,False,True,51.33,112983944.4,38877761.7585
2026-06-30,51.01,51.5,48.32,48.77,1384622.0,67923698.0,44018266.99999999,0.031455622730445075,48.496,48.158,47.740500000000004,53.301500000000004,57.58957649470659,848158.15,53.5105,48.6325,False,False,51.18,67528014.94,40796910.2935
2026-07-01,48.8,50.51,48.06,49.8,1328212.0,65480131.0,44018266.99999999,0.03017410930784713,48.738,48.483999999999995,47.695,53.27416666666667,61.95856868377777,888856.75,53.46216666666667,48.3725,False,False,51.18,66144957.599999994,42800302.653500006
2026-07-02,49.79,51.15,48.91,49.35,1653471.0,82648240.0,44018266.99999999,0.03756329162163518,49.418,48.67,47.7305,53.246833333333335,58.823529359675554,925418.3,53.3635,48.0335,False,False,51.18,81598793.85000001,44637354.666
2026-07-03,49.98,51.28,48.0,50.85,1676120.0,83928276.0,44018266.99999999,0.03807782800717712,49.989999999999995,48.94500000000001,47.896,53.253,62.12914480105829,969122.3,53.31466666666667,47.8275,False,False,51.18,85230702.0,46992440.686000004
2026-07-06,52.85,52.85,49.12,50.45,1345959.0,67810845.0,44018266.99999999,0.030577282835782704,49.844,49.196000000000005,48.0285,53.24816666666666,60.10392604841484,1009785.25,53.32233333333333,47.82000000000001,False,False,51.18,67903631.55,49114469.2635
2026-07-07,50.4,51.72,49.7,50.82,1073400.0,54622719.0,44018266.99999999,0.024385330753707322,50.254,49.375,48.2735,53.218666666666664,62.384259208716465,1021155.25,53.301500000000004,47.740500000000004,False,False,51.18,54550188.0,49899562.663499996
2026-07-08,51.18,51.5,50.1,50.79,998822.0,50702055.0,44018266.99999999,0.02269107959202483,50.452,49.595000000000006,48.491,53.208499999999994,60.085574520709166,1052368.7,53.27416666666667,47.695,False,False,51.18,50730169.38,51566359.06649999
2026-07-09,50.8,50.98,49.34,50.15,1023707.0,51239397.0,44018266.99999999,0.023256413070510025,50.612,50.015,48.699,53.13333333333333,56.25381325274232,1066259.05,53.246833333333335,47.7305,False,False,51.18,51338906.05,52418107.319
2026-07-10,50.75,51.6,49.81,50.85,992820.0,50324482.0,44018266.99999999,0.0225547271090886,50.612,50.301,48.9135,53.05,58.594211410495056,1097580.05,53.253,47.896,False,False,51.18,50484897.0,54089372.969
2026-07-13,50.78,51.55,49.15,50.29,959947.0,48230947.0,44018266.99999999,0.021807923515026164,50.58,50.212,49.094,52.98266666666667,53.84146336867192,1117008.65,53.24816666666666,48.0285,False,False,51.18,48275734.63,55169570.4505
2026-07-14,49.0,49.55,45.5,49.0,2264219.0,107464220.0,44018266.99999999,0.05143816770433058,50.216,50.235,49.1965,52.899,51.188405755557234,1191554.35,53.218666666666664,48.2735,False,False,51.18,110946731.0,58901573.513
2026-07-15,48.68,50.47,47.04,47.04,1022970.0,49559297.0,44018266.99999999,0.023239670021539018,49.466,49.959,49.2215,52.74249999999999,53.28907659951436,1218748.35,53.208499999999994,48.491,True,False,51.18,48120508.8,60192756.523
2026-07-16,47.21,47.45,46.03,46.6,661150.0,30820764.0,44018266.99999999,0.015019900715309854,48.756,49.684,49.17700000000001,52.586833333333324,45.35738138710732,1222537.4,53.13333333333333,48.699,True,True,51.18,30809590.0,60343277.3325
2026-07-17,46.98,47.39,44.75,44.75,838370.0,38417507.0,44018266.99999999,0.019045956534363338,47.536,49.074,49.0095,52.395833333333336,26.412325724888277,1221777.2,53.05,48.9135,True,True,51.18,37517057.5,60166284.7375
2026-07-20,44.55,45.58,43.74,44.17,767960.0,34496722.0,44018266.99999999,0.01744639333483983,46.312,48.446,48.821,52.17016666666667,30.508474540074673,1221601.0,52.98266666666667,49.094,True,True,51.18,33920793.2,60013077.2495
2026-07-21,44.21,44.32,40.86,43.76,1836960.0,78019513.0,44018266.99999999,0.041731765587227694,45.263999999999996,47.739999999999995,48.5575,51.934,22.98747760985468,1271799.75,52.899,49.1965,True,True,51.18,80385369.6,61990283.002
2026-07-22,43.35,44.67,42.49,43.44,961300.0,42086274.0,44018266.99999999,0.021838660754181897,44.544,47.005,48.3,51.69433333333334,23.257918522569142,1288925.45,52.74249999999999,49.2215,True,True,51.18,41758872.0,62574886.015
2026-07-23,44.31,46.5,43.46,45.82,1257768.0,57287263.0,44018266.99999999,0.02857377370172252,44.388,46.571999999999996,48.2935,51.49766666666666,28.918692338234578,1298198.85,52.586833333333324,49.17700000000001,True,True,51.18,57630929.76,62992823.253
2026-07-24,45.1,46.75,45.02,46.32,744859.0,34449584.0,44018266.99999999,0.01692158848507144,44.702,46.11900000000001,48.21,51.261833333333335,32.83458017791487,1250010.8,52.395833333333336,49.0095,True,True,51.18,34501868.88,60618083.00700001
2026-07-27,46.32,47.58,46.01,47.02,513876.0,24048602.0,44018266.99999999,0.011674153369100153,45.272,45.792,48.001999999999995,51.09433333333333,34.627831675987935,1165325.6,52.17016666666667,48.821,True,True,51.18,24162449.520000003,56177008.263
2026-07-28,46.4,47.52,45.8,46.2,399320.0,18672812.0,44018266.99999999,0.0090716883515655,45.760000000000005,45.512,47.8735,50.91116666666666,32.547528482458944,1116060.5,51.934,48.5575,True,True,50.85,18448584.0,53723036.716
2026-07-29,46.2,47.87,46.2,46.72,606638.0,28514627.0,44018266.99999999,0.013781505755326535,46.416000000000004,45.480000000000004,47.719500000000004,50.73833333333334,36.8380659619545,1079981.8,51.69433333333334,48.3,True,True,50.85,28342127.36,51832895.204
2026-07-30,46.75,48.2,46.69,47.1,589640.0,28008944.0,44018266.99999999,0.01339534789045648,46.672000000000004,45.53,47.607,50.546,35.24783631050593,1026790.25,51.49766666666666,48.2935,True,True,50.85,27772044.0,49141557.711500004
2026-07-31,47.25,47.68,46.2,46.64,632400.0,29573698.0,44018266.99999999,0.014366762780551995,46.736000000000004,45.71900000000001,47.3965,50.34883333333333,35.527359199255926,974604.25,51.261833333333335,48.21,True,True,50.85,29495136.0,46354779.4115
2026-08-03,46.9,47.73,46.27,47.01,690680.0,32400664.0,44018266.99999999,0.01569075856621071,46.734,46.003,47.2245,50.118833333333335,41.488451618405605,941840.3,51.09433333333333,48.001999999999995,True,True,50.85,32468866.799999997,44583041.174
2026-08-04,47.26,49.28,46.54,48.85,959627.0,46180335.0,44018266.99999999,0.021800653805839294,47.263999999999996,46.512,47.126,49.94616666666666,57.821953257605244,936151.65,50.91116666666666,47.8735,True,True,50.85,46877778.95,44199420.7215
2026-08-05,49.74,49.77,48.33,48.86,735479.0,35930664.0,44018266.99999999,0.01670849513453131,47.69199999999999,47.054,47.0295,49.76283333333333,60.143626495331155,922984.5,50.73833333333334,47.719500000000004,False,True,50.85,35935503.94,43459687.4495
2026-08-06,48.72,49.84,48.72,49.36,609280.0,30059994.0,44018266.99999999,0.013841526291800632,48.144,47.408,46.989999999999995,49.5765,73.54443298982409,902263.15,50.546,47.607,False,False,50.85,30074060.8,42396445.187
2026-08-07,49.36,50.74,49.08,49.94,751184.0,37548759.0,44018266.99999999,0.017065278830718168,48.803999999999995,47.769999999999996,46.944500000000005,49.403,79.46884564733767,890181.35,50.34883333333333,47.3965,False,False,50.85,37514128.96,41747906.785
